SlNo.,merchant_name,direction,lane,tag_id,vehicle_regn_number,txn_amount,initiated_time,inn_rr_time_sec,vehicle_class_code,vehicle_comvehicle,geocode,merchant_sub_type,city,state
156,Kanakapura Road (P3) Plaza,S,P3AX1,VXIJB,CWNQN,105,00-01-1900 16:03,2237,VC4,F,"12.857833,77.527583",State,Bengaluru,Karnataka
157,Kanakapura Road (P3) Plaza,S,P3BX3,TLXVL,CQMEZ,65,00-01-1900 10:30,161,VC4,F,"12.857833,77.527583",State,Bengaluru,Karnataka
158,Kanakapura Road (P3) Plaza,S,P3BX2,IXBTC,DJPAO,105,00-01-1900 08:51,188,VC4,F,"12.857833,77.527583",State,Bengaluru,Karnataka
159,Kanakapura Road (P3) Plaza,S,P3AX2,VVXXM,YZTVF,45,00-01-1900 06:34,152741,VC4,F,"12.857833,77.527583",State,Bengaluru,Karnataka
199,Kanakapura Road (P3) Plaza,S,P3AX2,JWFRH,XMFCA,45,00-01-1900 10:20,231,VC4,F,"12.857833,77.527583",State,Bengaluru,Karnataka
200,Kanakapura Road (P3) Plaza,S,P3BX1,HIFRF,TDSAJ,65,00-01-1900 17:09,78399,VC4,F,"12.857833,77.527583",State,Bengaluru,Karnataka
201,Kanakapura Road (P3) Plaza,S,P3BX2,RNCYK,IKEUU,105,00-01-1900 09:20,183,VC4,T,"12.857833,77.527583",State,Bengaluru,Karnataka
202,Kanakapura Road (P3) Plaza,S,P3BX3,AZXRK,NOKGF,65,00-01-1900 17:41,127171,VC4,F,"12.857833,77.527583",State,Bengaluru,Karnataka
203,Kanakapura Road (P3) Plaza,S,P3AX2,YGYGG,BUFOZ,45,00-01-1900 23:10,720,VC4,F,"12.857833,77.527583",State,Bengaluru,Karnataka
204,Kanakapura Road (P3) Plaza,S,P3BX3,ZCKIS,XJGCD,70,00-01-1900 17:41,130948,VC5,T,"12.857833,77.527583",State,Bengaluru,Karnataka
205,Kanakapura Road (P3) Plaza,S,P3BX3,YRSLO,WVGCZ,180,00-01-1900 17:31,81151,VC4,T,"12.857833,77.527583",State,Bengaluru,Karnataka
206,Kanakapura Road (P3) Plaza,S,P3AX1,QQTHR,JHFVT,45,00-01-1900 06:32,148193,VC4,F,"12.857833,77.527583",State,Bengaluru,Karnataka
207,Kanakapura Road (P3) Plaza,S,P3AX2,GIWXO,FIUEB,203,00-01-1900 06:34,149,VC10,T,"12.857833,77.527583",State,Bengaluru,Karnataka
208,Kanakapura Road (P3) Plaza,S,P3AX2,RJANP,XRXJT,105,00-01-1900 22:40,198,VC4,F,"12.857833,77.527583",State,Bengaluru,Karnataka
209,Kanakapura Road (P3) Plaza,S,P3BX3,WXNBR,ZRARS,180,00-01-1900 15:05,6176,VC4,F,"12.857833,77.527583",State,Bengaluru,Karnataka
260,Kanakapura Road (P3) Plaza,S,P3AX2,XQTDT,TVJVS,203,00-01-1900 17:01,119,VC10,T,"12.857833,77.527583",State,Bengaluru,Karnataka
261,Kanakapura Road (P3) Plaza,S,P3BX3,BFFSY,BNLEX,130,00-01-1900 00:34,177,VC4,F,"12.857833,77.527583",State,Bengaluru,Karnataka
262,Kanakapura Road (P3) Plaza,S,P3BX1,NTNWB,LWWDD,65,00-01-1900 13:55,71291,VC4,F,"12.857833,77.527583",State,Bengaluru,Karnataka
263,Kanakapura Road (P3) Plaza,S,P3AX2,IKDHB,ATXIV,45,00-01-1900 17:17,77,VC4,F,"12.857833,77.527583",State,Bengaluru,Karnataka
264,Kanakapura Road (P3) Plaza,S,P3AX1,AJWOP,JCMHF,105,00-01-1900 18:35,168,VC4,T,"12.857833,77.527583",State,Bengaluru,Karnataka
265,Kanakapura Road (P3) Plaza,S,P3AX1,SRTIC,FDUAW,855,00-01-1900 17:07,83389,VC12,T,"12.857833,77.527583",State,Bengaluru,Karnataka
266,Kanakapura Road (P3) Plaza,S,P3BX3,DREFR,MMZKF,105,00-01-1900 14:43,8315,VC20,T,"12.857833,77.527583",State,Bengaluru,Karnataka
267,Kanakapura Road (P3) Plaza,S,P3AX2,ZPJOP,LSTBL,440,00-01-1900 10:34,171,VC12,T,"12.857833,77.527583",State,Bengaluru,Karnataka
268,Kanakapura Road (P3) Plaza,S,P3BX3,IQJSV,PCATP,105,00-01-1900 15:09,6045,VC20,T,"12.857833,77.527583",State,Bengaluru,Karnataka
269,Kanakapura Road (P3) Plaza,S,P3AX2,AABJE,PAXRE,45,00-01-1900 09:20,216,VC4,F,"12.857833,77.527583",State,Bengaluru,Karnataka
270,Kanakapura Road (P3) Plaza,S,P3AX2,WZMPO,YMBQN,45,00-01-1900 06:32,105751,VC5,T,"12.857833,77.527583",State,Bengaluru,Karnataka
271,Kanakapura Road (P3) Plaza,S,P3AX2,XCTAE,JQGUS,105,00-01-1900 16:09,2238,VC20,T,"12.857833,77.527583",State,Bengaluru,Karnataka
272,Kanakapura Road (P3) Plaza,S,P3AX2,VQIST,GHZLJ,45,00-01-1900 18:35,100,VC4,F,"12.857833,77.527583",State,Bengaluru,Karnataka
273,Kanakapura Road (P3) Plaza,S,P3AX2,NEVAI,KMOJT,105,00-01-1900 14:28,9924,VC4,F,"12.857833,77.527583",State,Bengaluru,Karnataka
274,Kanakapura Road (P3) Plaza,S,P3BX1,ZTGEL,IESBX,65,00-01-1900 17:25,98567,VC4,F,"12.857833,77.527583",State,Bengaluru,Karnataka
275,Kanakapura Road (P3) Plaza,S,P3BX2,AYYDT,DSGAC,105,00-01-1900 08:30,251,VC4,F,"12.857833,77.527583",State,Bengaluru,Karnataka
276,Kanakapura Road (P3) Plaza,S,P3AX2,GHRDR,XSAZV,45,00-01-1900 17:34,117884,VC4,F,"12.857833,77.527583",State,Bengaluru,Karnataka
277,Kanakapura Road (P3) Plaza,S,P3AX2,NENRR,IUROP,105,00-01-1900 14:39,8568,VC4,F,"12.857833,77.527583",State,Bengaluru,Karnataka
278,Kanakapura Road (P3) Plaza,S,P3AX2,AXJXV,YERBD,45,00-01-1900 10:12,166,VC4,F,"12.857833,77.527583",State,Bengaluru,Karnataka
279,Kanakapura Road (P3) Plaza,S,P3BX3,SMIQQ,HZPZH,100,00-01-1900 16:27,1059,VC10,T,"12.857833,77.527583",State,Bengaluru,Karnataka
280,Kanakapura Road (P3) Plaza,S,P3BX3,NGOLW,LMUZD,105,00-01-1900 15:45,4053,VC20,T,"12.857833,77.527583",State,Bengaluru,Karnataka
281,Kanakapura Road (P3) Plaza,S,P3BX2,QCLAB,QPVRJ,65,00-01-1900 13:49,113318,VC4,F,"12.857833,77.527583",State,Bengaluru,Karnataka
282,Kanakapura Road (P3) Plaza,S,P3BX2,TFCOS,JTFHP,195,00-01-1900 21:34,53,VC5,T,"12.857833,77.527583",State,Bengaluru,Karnataka
283,Kanakapura Road (P3) Plaza,S,P3BX2,TRKIO,PJFTZ,65,00-01-1900 19:09,197,VC4,F,"12.857833,77.527583",State,Bengaluru,Karnataka
416,Kanakapura Road (P3) Plaza,S,P3BX3,QUVWZ,DPRCA,65,00-01-1900 10:44,182,VC4,F,"12.857833,77.527583",State,Bengaluru,Karnataka
417,Kanakapura Road (P3) Plaza,S,P3AX1,AAXEN,MVIIC,90,00-01-1900 16:27,120467,VC4,F,"12.857833,77.527583",State,Bengaluru,Karnataka
418,Kanakapura Road (P3) Plaza,S,P3AX1,QEBVM,LANFI,105,00-01-1900 06:10,152780,VC4,F,"12.857833,77.527583",State,Bengaluru,Karnataka
419,Kanakapura Road (P3) Plaza,S,P3AX2,TEYAN,CPYQG,45,00-01-1900 17:19,161,VC4,F,"12.857833,77.527583",State,Bengaluru,Karnataka
420,Kanakapura Road (P3) Plaza,S,P3BX2,XTRPC,PDEXU,65,00-01-1900 06:37,168908,VC4,F,"12.857833,77.527583",State,Bengaluru,Karnataka
421,Kanakapura Road (P3) Plaza,S,P3AX2,DMZMW,VTPHF,110,00-01-1900 19:03,143,VC9,T,"12.857833,77.527583",State,Bengaluru,Karnataka
422,Kanakapura Road (P3) Plaza,S,P3AX1,ITMFF,FIDJZ,105,00-01-1900 11:48,67572,VC4,F,"12.857833,77.527583",State,Bengaluru,Karnataka
423,Kanakapura Road (P3) Plaza,S,P3AX2,TKIBE,YRNGJ,45,00-01-1900 06:28,214,VC4,F,"12.857833,77.527583",State,Bengaluru,Karnataka
424,Kanakapura Road (P3) Plaza,S,P3AX2,ZZCYG,SWOPQ,45,00-01-1900 15:55,3063,VC4,T,"12.857833,77.527583",State,Bengaluru,Karnataka
425,Kanakapura Road (P3) Plaza,S,P3AX2,QWFYU,TMWMC,105,00-01-1900 10:16,100,VC4,F,"12.857833,77.527583",State,Bengaluru,Karnataka
426,Kanakapura Road (P3) Plaza,S,P3BX3,CXUBC,JYJJL,317,00-01-1900 17:05,80551,VC10,T,"12.857833,77.527583",State,Bengaluru,Karnataka
427,Kanakapura Road (P3) Plaza,S,P3BX3,KNIVC,XRYDA,65,00-01-1900 17:35,124424,VC4,F,"12.857833,77.527583",State,Bengaluru,Karnataka
428,Kanakapura Road (P3) Plaza,S,P3AX1,BQOVP,QBWGV,110,00-01-1900 06:35,118025,VC5,T,"12.857833,77.527583",State,Bengaluru,Karnataka
429,Kanakapura Road (P3) Plaza,S,P3BX3,CBUAI,SUQOQ,105,00-01-1900 09:10,194,VC4,F,"12.857833,77.527583",State,Bengaluru,Karnataka
430,Kanakapura Road (P3) Plaza,S,P3BX2,ZGXKA,QXRYU,180,00-01-1900 07:12,141091,VC4,F,"12.857833,77.527583",State,Bengaluru,Karnataka
431,Kanakapura Road (P3) Plaza,S,P3AX1,ACMHA,UFZNG,220,00-01-1900 16:01,2663,VC11,T,"12.857833,77.527583",State,Bengaluru,Karnataka
432,Kanakapura Road (P3) Plaza,S,P3AX2,YPUXY,SFZTK,45,00-01-1900 15:45,4022,VC4,F,"12.857833,77.527583",State,Bengaluru,Karnataka
433,Kanakapura Road (P3) Plaza,S,P3BX2,UBUVB,XLAQE,180,00-01-1900 19:03,185,VC4,F,"12.857833,77.527583",State,Bengaluru,Karnataka
434,Kanakapura Road (P3) Plaza,S,P3AX2,CDWUJ,UHOLF,45,00-01-1900 14:24,10606,VC20,T,"12.857833,77.527583",State,Bengaluru,Karnataka
435,Kanakapura Road (P3) Plaza,S,P3AX1,ESCBQ,PETVZ,105,00-01-1900 15:23,5695,VC4,F,"12.857833,77.527583",State,Bengaluru,Karnataka
436,Kanakapura Road (P3) Plaza,S,P3AX2,AGXJA,NIQYZ,45,00-01-1900 14:25,10125,VC4,F,"12.857833,77.527583",State,Bengaluru,Karnataka
437,Kanakapura Road (P3) Plaza,S,P3AX1,FHHJY,VJAEA,105,00-01-1900 17:55,167,VC4,F,"12.857833,77.527583",State,Bengaluru,Karnataka
438,Kanakapura Road (P3) Plaza,S,P3AX2,UYLZV,IEETN,105,00-01-1900 16:13,2031,VC4,F,"12.857833,77.527583",State,Bengaluru,Karnataka
439,Kanakapura Road (P3) Plaza,S,P3AX2,YBGNG,SSRHA,105,00-01-1900 14:59,6497,VC4,F,"12.857833,77.527583",State,Bengaluru,Karnataka
440,Kanakapura Road (P3) Plaza,S,P3BX3,NTMFN,ACQEW,105,00-01-1900 09:22,253,VC4,F,"12.857833,77.527583",State,Bengaluru,Karnataka
441,Kanakapura Road (P3) Plaza,S,P3BX1,AAFSD,XWLAJ,32,00-01-1900 14:28,152815,VC10,T,"12.857833,77.527583",State,Bengaluru,Karnataka
442,Kanakapura Road (P3) Plaza,S,P3BX2,WDRMM,DCGRD,180,00-01-1900 06:23,163973,VC4,F,"12.857833,77.527583",State,Bengaluru,Karnataka
908,Kanakapura Road (P3) Plaza,S,P3BX3,EOPFH,VDISI,65,00-01-1900 16:41,499,VC4,F,"12.857833,77.527583",State,Bengaluru,Karnataka
909,Kanakapura Road (P3) Plaza,S,P3BX2,WZWSW,CKQCN,176,00-01-1900 05:06,194,VC10,T,"12.857833,77.527583",State,Bengaluru,Karnataka
910,Kanakapura Road (P3) Plaza,S,P3BX2,POOEP,AHZWE,180,00-01-1900 19:57,212,VC4,F,"12.857833,77.527583",State,Bengaluru,Karnataka
911,Kanakapura Road (P3) Plaza,S,P3AX2,CPIXY,PJFWX,45,00-01-1900 15:35,4478,VC4,F,"12.857833,77.527583",State,Bengaluru,Karnataka
912,Kanakapura Road (P3) Plaza,S,P3BX3,KWWCR,DQNEX,180,00-01-1900 17:39,109661,VC4,F,"12.857833,77.527583",State,Bengaluru,Karnataka
913,Kanakapura Road (P3) Plaza,S,P3BX3,CCCBN,HKLJT,180,00-01-1900 15:43,4377,VC4,F,"12.857833,77.527583",State,Bengaluru,Karnataka
914,Kanakapura Road (P3) Plaza,S,P3AX2,PWUPH,CCBKS,45,00-01-1900 09:20,128,VC4,F,"12.857833,77.527583",State,Bengaluru,Karnataka
915,Kanakapura Road (P3) Plaza,S,P3AX2,RWWFU,CCTNE,105,00-01-1900 17:41,98732,VC20,T,"12.857833,77.527583",State,Bengaluru,Karnataka
916,Kanakapura Road (P3) Plaza,S,P3BX2,UIVQY,VVDUX,180,00-01-1900 09:12,230,VC4,F,"12.857833,77.527583",State,Bengaluru,Karnataka
917,Kanakapura Road (P3) Plaza,S,P3BX3,JDZEL,JKBJX,195,00-01-1900 16:51,131,VC5,F,"12.857833,77.527583",State,Bengaluru,Karnataka
918,Kanakapura Road (P3) Plaza,S,P3BX1,QFQNI,GPLUI,35,00-01-1900 11:01,103753,VC4,F,"12.857833,77.527583",State,Bengaluru,Karnataka
919,Kanakapura Road (P3) Plaza,S,P3BX2,VKUIE,QWUKV,65,00-01-1900 14:06,85791,VC4,T,"12.857833,77.527583",State,Bengaluru,Karnataka
920,Kanakapura Road (P3) Plaza,S,P3AX2,NGHBF,GLSJS,105,00-01-1900 22:22,127,VC4,F,"12.857833,77.527583",State,Bengaluru,Karnataka
921,Kanakapura Road (P3) Plaza,S,P3BX3,RCWNA,NJJDW,130,00-01-1900 17:39,141,VC4,F,"12.857833,77.527583",State,Bengaluru,Karnataka
922,Kanakapura Road (P3) Plaza,S,P3BX2,JOFBF,FDAJK,65,00-01-1900 14:12,72658,VC4,F,"12.857833,77.527583",State,Bengaluru,Karnataka
923,Kanakapura Road (P3) Plaza,S,P3AX1,JNAXB,PAMJM,45,00-01-1900 00:45,128971,VC4,F,"12.857833,77.527583",State,Bengaluru,Karnataka
924,Kanakapura Road (P3) Plaza,S,P3BX3,WTXUV,CVNJX,660,00-01-1900 17:37,100914,VC12,T,"12.857833,77.527583",State,Bengaluru,Karnataka
925,Kanakapura Road (P3) Plaza,S,P3BX3,JJPVG,IGHZD,105,00-01-1900 15:59,2869,VC4,F,"12.857833,77.527583",State,Bengaluru,Karnataka
926,Kanakapura Road (P3) Plaza,S,P3AX2,GTKMN,EIBEY,45,00-01-1900 17:19,107628,VC4,F,"12.857833,77.527583",State,Bengaluru,Karnataka
927,Kanakapura Road (P3) Plaza,S,P3BX3,KEAEL,SPNSL,660,00-01-1900 07:22,248084,VC13,T,"12.857833,77.527583",State,Bengaluru,Karnataka
928,Kanakapura Road (P3) Plaza,S,P3BX2,KWMAY,BPMHH,65,00-01-1900 16:33,762,VC4,F,"12.857833,77.527583",State,Bengaluru,Karnataka
929,Kanakapura Road (P3) Plaza,S,P3AX2,HECDP,JHYSG,105,00-01-1900 17:03,152,VC4,F,"12.857833,77.527583",State,Bengaluru,Karnataka
930,Kanakapura Road (P3) Plaza,S,P3AX2,KIDFP,ZQRBP,105,00-01-1900 20:29,199,VC4,F,"12.857833,77.527583",State,Bengaluru,Karnataka
931,Kanakapura Road (P3) Plaza,S,P3AX2,CABUB,VQCZJ,45,00-01-1900 21:28,245,VC4,F,"12.857833,77.527583",State,Bengaluru,Karnataka
932,Kanakapura Road (P3) Plaza,S,P3BX2,HZXUA,UUSWK,65,00-01-1900 17:14,193973,VC4,F,"12.857833,77.527583",State,Bengaluru,Karnataka
933,Kanakapura Road (P3) Plaza,S,P3AX1,OKBUM,IFQBU,105,00-01-1900 17:41,182,VC4,F,"12.857833,77.527583",State,Bengaluru,Karnataka
934,Kanakapura Road (P3) Plaza,S,P3BX1,EDUQM,HKOWF,35,00-01-1900 13:48,72098,VC4,F,"12.857833,77.527583",State,Bengaluru,Karnataka
935,Kanakapura Road (P3) Plaza,S,P3BX2,ZIBJG,ZLKCM,105,00-01-1900 18:31,66,VC4,T,"12.857833,77.527583",State,Bengaluru,Karnataka
936,Kanakapura Road (P3) Plaza,S,P3BX3,WJSSQ,PVXSS,180,00-01-1900 18:15,143,VC4,T,"12.857833,77.527583",State,Bengaluru,Karnataka
937,Kanakapura Road (P3) Plaza,S,P3BX2,HXGUM,SOQCF,105,00-01-1900 09:42,245,VC4,F,"12.857833,77.527583",State,Bengaluru,Karnataka
2741,Kanakapura Road (P3) Plaza,S,P3AX1,AUIWQ,HWOLI,105,00-01-1900 19:25,118,VC20,T,"12.857833,77.527583",State,Bengaluru,Karnataka
2742,Kanakapura Road (P3) Plaza,S,P3BX3,CNRVV,EEOXD,65,00-01-1900 17:29,109672,VC4,F,"12.857833,77.527583",State,Bengaluru,Karnataka
2743,Kanakapura Road (P3) Plaza,S,P3BX2,AZYFA,OZSVZ,65,00-01-1900 15:17,6125,VC4,F,"12.857833,77.527583",State,Bengaluru,Karnataka
2744,Kanakapura Road (P3) Plaza,S,P3AX2,EMMUJ,WRHIT,110,00-01-1900 16:15,1811,VC5,T,"12.857833,77.527583",State,Bengaluru,Karnataka
2745,Kanakapura Road (P3) Plaza,S,P3AX2,JQXOK,ARXOI,45,00-01-1900 17:14,145,VC4,F,"12.857833,77.527583",State,Bengaluru,Karnataka
2746,Kanakapura Road (P3) Plaza,S,P3BX2,OFQPH,LKRCU,480,00-01-1900 19:07,205,VC7,T,"12.857833,77.527583",State,Bengaluru,Karnataka
2747,Kanakapura Road (P3) Plaza,S,P3BX3,WEKIL,FBVKV,105,00-01-1900 14:25,10431,VC4,F,"12.857833,77.527583",State,Bengaluru,Karnataka
2748,Kanakapura Road (P3) Plaza,S,P3AX1,PGMGD,CGDWF,45,00-01-1900 15:47,3685,VC4,F,"12.857833,77.527583",State,Bengaluru,Karnataka
2749,Kanakapura Road (P3) Plaza,S,P3BX2,FHJZC,EJJWS,65,00-01-1900 07:16,151930,VC4,F,"12.857833,77.527583",State,Bengaluru,Karnataka
2750,Kanakapura Road (P3) Plaza,S,P3BX3,IWRNN,ZXIFR,180,00-01-1900 19:17,146,VC4,F,"12.857833,77.527583",State,Bengaluru,Karnataka
2751,Kanakapura Road (P3) Plaza,S,P3BX2,JDKXG,MLXLY,65,00-01-1900 14:22,11060,VC4,F,"12.857833,77.527583",State,Bengaluru,Karnataka
2752,Kanakapura Road (P3) Plaza,S,P3AX2,TNBKD,VERYO,110,00-01-1900 20:23,169,VC5,T,"12.857833,77.527583",State,Bengaluru,Karnataka
2753,Kanakapura Road (P3) Plaza,S,P3AX2,LOLJV,SWEAK,105,00-01-1900 20:26,1484,VC4,F,"12.857833,77.527583",State,Bengaluru,Karnataka
2754,Kanakapura Road (P3) Plaza,S,P3BX3,SXVUA,ATCPM,65,00-01-1900 17:41,109462,VC4,F,"12.857833,77.527583",State,Bengaluru,Karnataka
9360,Kanakapura Road (P3) Plaza,S,P3AX2,OYEXE,OFICP,45,00-01-1900 06:23,128,VC4,F,"12.857833,77.527583",State,Bengaluru,Karnataka
9361,Kanakapura Road (P3) Plaza,S,P3AX2,QBSPK,EZQQK,105,00-01-1900 20:56,117,VC4,F,"12.857833,77.527583",State,Bengaluru,Karnataka
9362,Kanakapura Road (P3) Plaza,S,P3AX1,KUNIN,OAVLY,105,00-01-1900 13:56,82244,VC20,T,"12.857833,77.527583",State,Bengaluru,Karnataka
9363,Kanakapura Road (P3) Plaza,S,P3BX3,GOYMY,QGRQF,65,00-01-1900 16:31,805,VC4,F,"12.857833,77.527583",State,Bengaluru,Karnataka
9364,Kanakapura Road (P3) Plaza,S,P3BX2,WVZOI,NDCCP,65,00-01-1900 06:05,145376,VC4,F,"12.857833,77.527583",State,Bengaluru,Karnataka
9365,Kanakapura Road (P3) Plaza,S,P3AX1,IEXRW,CMSYX,105,00-01-1900 15:52,3433,VC4,F,"12.857833,77.527583",State,Bengaluru,Karnataka
9366,Kanakapura Road (P3) Plaza,S,P3BX2,BPJEJ,LXBVH,65,00-01-1900 07:22,139017,VC4,T,"12.857833,77.527583",State,Bengaluru,Karnataka
9367,Kanakapura Road (P3) Plaza,S,P3AX1,HUXJO,XNOSF,105,00-01-1900 16:55,147,VC4,F,"12.857833,77.527583",State,Bengaluru,Karnataka
9368,Kanakapura Road (P3) Plaza,S,P3AX1,SCJTW,JMSOY,105,00-01-1900 19:03,152,VC4,F,"12.857833,77.527583",State,Bengaluru,Karnataka
9369,Kanakapura Road (P3) Plaza,S,P3AX2,MTLWZ,FGJUZ,45,00-01-1900 17:33,176,VC4,F,"12.857833,77.527583",State,Bengaluru,Karnataka
9370,Kanakapura Road (P3) Plaza,S,P3BX3,VBKIO,RYNPZ,105,00-01-1900 18:05,138,VC4,F,"12.857833,77.527583",State,Bengaluru,Karnataka
9371,Kanakapura Road (P3) Plaza,S,P3BX3,TIXTF,ONMAM,105,00-01-1900 18:45,135,VC5,T,"12.857833,77.527583",State,Bengaluru,Karnataka
9372,Kanakapura Road (P3) Plaza,S,P3AX2,VHNIT,JJJKR,45,00-01-1900 19:09,131,VC5,T,"12.857833,77.527583",State,Bengaluru,Karnataka
9373,Kanakapura Road (P3) Plaza,S,P3BX2,QIZJE,VWUXY,105,00-01-1900 08:16,225,VC4,F,"12.857833,77.527583",State,Bengaluru,Karnataka
9374,Kanakapura Road (P3) Plaza,S,P3AX2,EDJOJ,MVSRC,45,00-01-1900 06:04,86263,VC4,F,"12.857833,77.527583",State,Bengaluru,Karnataka
9375,Kanakapura Road (P3) Plaza,S,P3AX1,OLDPJ,UQQPT,105,00-01-1900 17:59,134,VC4,F,"12.857833,77.527583",State,Bengaluru,Karnataka
9376,Kanakapura Road (P3) Plaza,S,P3AX2,ZTZDO,XOPIF,105,00-01-1900 15:47,3706,VC4,F,"12.857833,77.527583",State,Bengaluru,Karnataka
9377,Kanakapura Road (P3) Plaza,S,P3BX2,KIFOA,GXRSO,105,00-01-1900 10:06,170,VC4,F,"12.857833,77.527583",State,Bengaluru,Karnataka
9378,Kanakapura Road (P3) Plaza,S,P3BX3,JBZIL,VGEKX,65,00-01-1900 07:32,155244,VC4,F,"12.857833,77.527583",State,Bengaluru,Karnataka
9379,Kanakapura Road (P3) Plaza,S,P3BX2,BINNA,UDLTE,130,00-01-1900 05:35,128,VC4,F,"12.857833,77.527583",State,Bengaluru,Karnataka
9380,Kanakapura Road (P3) Plaza,S,P3BX2,KCHNX,DPZND,100,00-01-1900 19:27,104,VC11,T,"12.857833,77.527583",State,Bengaluru,Karnataka
9381,Kanakapura Road (P3) Plaza,S,P3BX3,QECMR,LGSZE,130,00-01-1900 08:51,179,VC4,F,"12.857833,77.527583",State,Bengaluru,Karnataka
9382,Kanakapura Road (P3) Plaza,S,P3BX3,GOCTY,DHICD,195,00-01-1900 02:08,175,VC5,T,"12.857833,77.527583",State,Bengaluru,Karnataka
9383,Kanakapura Road (P3) Plaza,S,P3AX2,DBRRI,NISEH,105,00-01-1900 20:19,136,VC20,T,"12.857833,77.527583",State,Bengaluru,Karnataka
9384,Kanakapura Road (P3) Plaza,S,P3BX2,MUKEU,EHCVI,105,00-01-1900 09:18,256,VC4,F,"12.857833,77.527583",State,Bengaluru,Karnataka
14085,Kanakapura Road (P3) Plaza,S,P3AX1,APZJY,CKPPH,105,00-01-1900 20:39,214,VC4,F,"12.857833,77.527583",State,Bengaluru,Karnataka
14086,Kanakapura Road (P3) Plaza,S,P3AX2,TGMBM,IHSLS,105,00-01-1900 20:05,111,VC4,F,"12.857833,77.527583",State,Bengaluru,Karnataka
14087,Kanakapura Road (P3) Plaza,S,P3BX3,VUELZ,BGMVL,160,00-01-1900 09:23,179575,VC7,T,"12.857833,77.527583",State,Bengaluru,Karnataka
14088,Kanakapura Road (P3) Plaza,S,P3AX2,UNVKE,IWLYB,105,00-01-1900 06:25,115895,VC4,F,"12.857833,77.527583",State,Bengaluru,Karnataka
14089,Kanakapura Road (P3) Plaza,S,P3BX2,LZBFZ,AVZZU,65,00-01-1900 06:34,170410,VC4,F,"12.857833,77.527583",State,Bengaluru,Karnataka
14090,Kanakapura Road (P3) Plaza,S,P3AX1,DENDR,ALYCM,45,00-01-1900 20:13,161,VC4,F,"12.857833,77.527583",State,Bengaluru,Karnataka
14091,Kanakapura Road (P3) Plaza,S,P3AX2,FQPXH,CPWLQ,105,00-01-1900 00:06,227,VC4,F,"12.857833,77.527583",State,Bengaluru,Karnataka
14092,Kanakapura Road (P3) Plaza,S,P3BX1,EVJKN,CIHGI,35,00-01-1900 13:58,90400,VC4,F,"12.857833,77.527583",State,Bengaluru,Karnataka
14093,Kanakapura Road (P3) Plaza,S,P3BX2,EYZSK,BRMPT,105,00-01-1900 09:20,237,VC4,F,"12.857833,77.527583",State,Bengaluru,Karnataka
14094,Kanakapura Road (P3) Plaza,S,P3AX2,NZXBQ,WKFQO,45,00-01-1900 20:11,158,VC4,F,"12.857833,77.527583",State,Bengaluru,Karnataka
14095,Kanakapura Road (P3) Plaza,S,P3BX3,AJMWV,UFWKQ,105,00-01-1900 14:24,10175,VC4,T,"12.857833,77.527583",State,Bengaluru,Karnataka
14096,Kanakapura Road (P3) Plaza,S,P3BX3,PASTP,CMBFR,65,00-01-1900 16:43,76087,VC4,F,"12.857833,77.527583",State,Bengaluru,Karnataka
14097,Kanakapura Road (P3) Plaza,S,P3AX2,NMJIY,SNDQA,45,00-01-1900 17:17,118320,VC4,F,"12.857833,77.527583",State,Bengaluru,Karnataka
14098,Kanakapura Road (P3) Plaza,S,P3BX2,FGFFU,KQSAF,145,00-01-1900 05:02,206,VC5,T,"12.857833,77.527583",State,Bengaluru,Karnataka
14099,Kanakapura Road (P3) Plaza,S,P3AX1,MTWEI,WHPJQ,105,00-01-1900 18:20,118,VC4,F,"12.857833,77.527583",State,Bengaluru,Karnataka
14100,Kanakapura Road (P3) Plaza,S,P3BX3,KTFEA,GCGWY,65,00-01-1900 15:52,3281,VC4,F,"12.857833,77.527583",State,Bengaluru,Karnataka
14101,Kanakapura Road (P3) Plaza,S,P3AX2,OZAET,JNEJL,110,00-01-1900 08:24,163,VC9,T,"12.857833,77.527583",State,Bengaluru,Karnataka
14102,Kanakapura Road (P3) Plaza,S,P3AX2,TFXFV,OQIFQ,105,00-01-1900 10:38,222,VC4,T,"12.857833,77.527583",State,Bengaluru,Karnataka
14103,Kanakapura Road (P3) Plaza,S,P3AX2,IZRUS,IKPUN,105,00-01-1900 18:39,181,VC4,F,"12.857833,77.527583",State,Bengaluru,Karnataka
14104,Kanakapura Road (P3) Plaza,S,P3AX2,EDIYM,PZTLF,45,00-01-1900 08:00,175,VC4,F,"12.857833,77.527583",State,Bengaluru,Karnataka
14105,Kanakapura Road (P3) Plaza,S,P3AX2,ICXBC,HNDKB,105,00-01-1900 08:47,219,VC4,F,"12.857833,77.527583",State,Bengaluru,Karnataka
14106,Kanakapura Road (P3) Plaza,S,P3BX2,EUIVS,YSTMM,105,00-01-1900 07:30,229,VC4,F,"12.857833,77.527583",State,Bengaluru,Karnataka
14107,Kanakapura Road (P3) Plaza,S,P3BX3,DAMUC,KVUAO,660,00-01-1900 17:41,160,VC12,T,"12.857833,77.527583",State,Bengaluru,Karnataka
14108,Kanakapura Road (P3) Plaza,S,P3AX2,YRRON,HZDGP,105,00-01-1900 06:31,173626,VC4,F,"12.857833,77.527583",State,Bengaluru,Karnataka
14109,Kanakapura Road (P3) Plaza,S,P3BX3,GMTEV,FFTDN,180,00-01-1900 15:03,6196,VC4,F,"12.857833,77.527583",State,Bengaluru,Karnataka
19409,Kanakapura Road (P3) Plaza,S,P3AX1,TFMMM,JCEEQ,45,00-01-1900 18:39,124,VC5,T,"12.857833,77.527583",State,Bengaluru,Karnataka
19410,Kanakapura Road (P3) Plaza,S,P3AX2,WAMVV,MEUOK,105,00-01-1900 09:36,195,VC4,F,"12.857833,77.527583",State,Bengaluru,Karnataka
19411,Kanakapura Road (P3) Plaza,S,P3AX2,JLYVG,PCXZH,105,00-01-1900 17:23,103,VC4,F,"12.857833,77.527583",State,Bengaluru,Karnataka
19412,Kanakapura Road (P3) Plaza,S,P3BX2,ERGLL,XJSVJ,105,00-01-1900 14:32,9704,VC4,F,"12.857833,77.527583",State,Bengaluru,Karnataka
19413,Kanakapura Road (P3) Plaza,S,P3AX1,EPTVG,TGFSL,105,00-01-1900 20:27,1497,VC4,F,"12.857833,77.527583",State,Bengaluru,Karnataka
19414,Kanakapura Road (P3) Plaza,S,P3BX3,AVTYF,GNJQY,65,00-01-1900 16:39,117437,VC20,T,"12.857833,77.527583",State,Bengaluru,Karnataka
19415,Kanakapura Road (P3) Plaza,S,P3AX1,XCBCX,FGPCN,105,00-01-1900 19:31,152,VC4,F,"12.857833,77.527583",State,Bengaluru,Karnataka
19416,Kanakapura Road (P3) Plaza,S,P3AX1,FKOJC,BFCEY,110,00-01-1900 17:35,109537,VC5,T,"12.857833,77.527583",State,Bengaluru,Karnataka
19417,Kanakapura Road (P3) Plaza,S,P3AX2,PDCWV,FPQPX,105,00-01-1900 22:16,134,VC20,F,"12.857833,77.527583",State,Bengaluru,Karnataka
19418,Kanakapura Road (P3) Plaza,S,P3BX2,SXVJK,DUWEZ,105,00-01-1900 06:42,180,VC4,T,"12.857833,77.527583",State,Bengaluru,Karnataka
19419,Kanakapura Road (P3) Plaza,S,P3AX2,DNQYM,QQICX,105,00-01-1900 19:47,106,VC4,F,"12.857833,77.527583",State,Bengaluru,Karnataka
19420,Kanakapura Road (P3) Plaza,S,P3AX1,UQLTJ,KDZSM,105,00-01-1900 18:11,163,VC4,F,"12.857833,77.527583",State,Bengaluru,Karnataka
19421,Kanakapura Road (P3) Plaza,S,P3BX1,JKZGF,BYWIE,32,00-01-1900 06:35,111479,VC4,F,"12.857833,77.527583",State,Bengaluru,Karnataka
19422,Kanakapura Road (P3) Plaza,S,P3AX2,JCHTT,MQLZA,105,00-01-1900 09:13,183,VC4,F,"12.857833,77.527583",State,Bengaluru,Karnataka
19423,Kanakapura Road (P3) Plaza,S,P3BX3,COCQX,JWXCZ,100,00-01-1900 14:24,10371,VC11,T,"12.857833,77.527583",State,Bengaluru,Karnataka
19424,Kanakapura Road (P3) Plaza,S,P3BX2,WQWMU,MCCJI,65,00-01-1900 07:55,321,VC4,F,"12.857833,77.527583",State,Bengaluru,Karnataka
19425,Kanakapura Road (P3) Plaza,S,P3AX2,LCBPA,TJJPG,105,00-01-1900 18:11,136,VC4,F,"12.857833,77.527583",State,Bengaluru,Karnataka
19426,Kanakapura Road (P3) Plaza,S,P3BX3,PUBVO,HZTQE,65,00-01-1900 15:43,4200,VC20,T,"12.857833,77.527583",State,Bengaluru,Karnataka
19427,Kanakapura Road (P3) Plaza,S,P3BX3,SBHBL,QVMKV,105,00-01-1900 10:44,172,VC4,F,"12.857833,77.527583",State,Bengaluru,Karnataka
19428,Kanakapura Road (P3) Plaza,S,P3AX1,FCOZP,KLOMD,45,00-01-1900 16:39,567,VC4,F,"12.857833,77.527583",State,Bengaluru,Karnataka
27003,Kanakapura Road (P3) Plaza,S,P3BX2,GZVWW,WYOHV,100,00-01-1900 07:29,133856,VC10,T,"12.857833,77.527583",State,Bengaluru,Karnataka
27004,Kanakapura Road (P3) Plaza,S,P3BX2,MCLCT,IJYFE,65,00-01-1900 19:19,137,VC4,F,"12.857833,77.527583",State,Bengaluru,Karnataka
27005,Kanakapura Road (P3) Plaza,S,P3AX1,JRWSD,HPRYQ,105,00-01-1900 16:30,124734,VC4,F,"12.857833,77.527583",State,Bengaluru,Karnataka
27006,Kanakapura Road (P3) Plaza,S,P3AX1,FCZTZ,JVDZC,105,00-01-1900 18:15,177,VC20,T,"12.857833,77.527583",State,Bengaluru,Karnataka
27007,Kanakapura Road (P3) Plaza,S,P3AX2,DCSAZ,VSVMD,105,00-01-1900 17:37,185,VC4,F,"12.857833,77.527583",State,Bengaluru,Karnataka
27008,Kanakapura Road (P3) Plaza,S,P3AX1,CZXQG,UZMCT,105,00-01-1900 18:47,157,VC20,T,"12.857833,77.527583",State,Bengaluru,Karnataka
27009,Kanakapura Road (P3) Plaza,S,P3BX3,UJQEE,BUCNC,105,00-01-1900 10:43,165,VC20,T,"12.857833,77.527583",State,Bengaluru,Karnataka
27010,Kanakapura Road (P3) Plaza,S,P3AX2,QBXUY,ZSHSH,105,00-01-1900 18:43,207,VC4,F,"12.857833,77.527583",State,Bengaluru,Karnataka
27011,Kanakapura Road (P3) Plaza,S,P3AX2,FWGZZ,HCEKD,203,00-01-1900 10:42,181,VC10,T,"12.857833,77.527583",State,Bengaluru,Karnataka
27012,Kanakapura Road (P3) Plaza,S,P3AX2,AKEDY,EWWBU,105,00-01-1900 15:59,2787,VC4,F,"12.857833,77.527583",State,Bengaluru,Karnataka
27013,Kanakapura Road (P3) Plaza,S,P3AX2,OPSCB,PRVJC,110,00-01-1900 06:24,137,VC5,T,"12.857833,77.527583",State,Bengaluru,Karnataka
27014,Kanakapura Road (P3) Plaza,S,P3BX3,SOCRV,KEFDL,180,00-01-1900 15:53,3340,VC4,F,"12.857833,77.527583",State,Bengaluru,Karnataka
27015,Kanakapura Road (P3) Plaza,S,P3BX3,KTPUF,TPVOW,65,00-01-1900 09:32,182,VC4,F,"12.857833,77.527583",State,Bengaluru,Karnataka
27016,Kanakapura Road (P3) Plaza,S,P3AX2,KLUCL,FNVZC,105,00-01-1900 19:51,180,VC4,F,"12.857833,77.527583",State,Bengaluru,Karnataka
27017,Kanakapura Road (P3) Plaza,S,P3BX1,GWNPU,IYROM,130,00-01-1900 15:59,83150,VC20,T,"12.857833,77.527583",State,Bengaluru,Karnataka
27018,Kanakapura Road (P3) Plaza,S,P3BX3,QUZQU,MVOOH,105,00-01-1900 16:17,1746,VC4,F,"12.857833,77.527583",State,Bengaluru,Karnataka
27019,Kanakapura Road (P3) Plaza,S,P3BX2,WRHUK,ZUKVG,105,00-01-1900 10:08,85,VC4,F,"12.857833,77.527583",State,Bengaluru,Karnataka
27020,Kanakapura Road (P3) Plaza,S,P3BX3,NWSLB,CCXFX,65,00-01-1900 00:26,156,VC4,F,"12.857833,77.527583",State,Bengaluru,Karnataka
27021,Kanakapura Road (P3) Plaza,S,P3AX2,YKIBE,IQUFZ,105,00-01-1900 18:56,186,VC4,F,"12.857833,77.527583",State,Bengaluru,Karnataka
27022,Kanakapura Road (P3) Plaza,S,P3AX2,OMJHI,XJDSP,105,00-01-1900 18:09,196,VC4,F,"12.857833,77.527583",State,Bengaluru,Karnataka
28203,Kanakapura Road (P3) Plaza,S,P3AX2,ROUAV,GYAJJ,45,00-01-1900 21:52,209,VC4,F,"12.857833,77.527583",State,Bengaluru,Karnataka
28204,Kanakapura Road (P3) Plaza,S,P3AX2,OCREK,ZOUBP,45,00-01-1900 06:40,200,VC4,F,"12.857833,77.527583",State,Bengaluru,Karnataka
28205,Kanakapura Road (P3) Plaza,S,P3AX2,SXMXQ,MSBAD,105,00-01-1900 08:36,126,VC4,F,"12.857833,77.527583",State,Bengaluru,Karnataka
28206,Kanakapura Road (P3) Plaza,S,P3BX2,XASIR,EFKQB,130,00-01-1900 22:06,183,VC20,T,"12.857833,77.527583",State,Bengaluru,Karnataka
28207,Kanakapura Road (P3) Plaza,S,P3BX3,GXCQK,AYXMI,180,00-01-1900 15:33,4650,VC4,F,"12.857833,77.527583",State,Bengaluru,Karnataka
28208,Kanakapura Road (P3) Plaza,S,P3BX2,FNQMR,RYWUO,180,00-01-1900 21:50,126,VC4,F,"12.857833,77.527583",State,Bengaluru,Karnataka
28209,Kanakapura Road (P3) Plaza,S,P3AX2,PCBZW,DFBXI,105,00-01-1900 17:21,67608,VC4,F,"12.857833,77.527583",State,Bengaluru,Karnataka
28210,Kanakapura Road (P3) Plaza,S,P3AX2,CMMMN,CBWRC,105,00-01-1900 08:03,224,VC20,T,"12.857833,77.527583",State,Bengaluru,Karnataka
28211,Kanakapura Road (P3) Plaza,S,P3BX3,NQSJZ,BACNS,65,00-01-1900 14:49,7478,VC4,F,"12.857833,77.527583",State,Bengaluru,Karnataka
28212,Kanakapura Road (P3) Plaza,S,P3BX2,DUEHY,ZPVAR,317,00-01-1900 04:30,193,VC10,T,"12.857833,77.527583",State,Bengaluru,Karnataka
28213,Kanakapura Road (P3) Plaza,S,P3AX2,JLDOO,UUORK,105,00-01-1900 19:13,174,VC4,F,"12.857833,77.527583",State,Bengaluru,Karnataka
28214,Kanakapura Road (P3) Plaza,S,P3AX1,LEQVJ,SQQUN,105,00-01-1900 16:29,901,VC4,F,"12.857833,77.527583",State,Bengaluru,Karnataka
28215,Kanakapura Road (P3) Plaza,S,P3BX2,ERCIC,ENUUO,105,00-01-1900 21:28,169,VC4,F,"12.857833,77.527583",State,Bengaluru,Karnataka
28216,Kanakapura Road (P3) Plaza,S,P3AX2,WBPFE,RPKEW,105,00-01-1900 15:03,6180,VC20,T,"12.857833,77.527583",State,Bengaluru,Karnataka
28217,Kanakapura Road (P3) Plaza,S,P3BX2,BQNYU,OVMMG,130,00-01-1900 20:59,186,VC4,F,"12.857833,77.527583",State,Bengaluru,Karnataka
28218,Kanakapura Road (P3) Plaza,S,P3BX2,DYKYE,DVJIL,180,00-01-1900 17:27,95938,VC4,F,"12.857833,77.527583",State,Bengaluru,Karnataka
28219,Kanakapura Road (P3) Plaza,S,P3BX2,XEIJU,NGIXR,105,00-01-1900 14:48,7530,VC5,T,"12.857833,77.527583",State,Bengaluru,Karnataka
28220,Kanakapura Road (P3) Plaza,S,P3AX1,KVPZD,JPAAP,110,00-01-1900 18:33,106839,VC5,T,"12.857833,77.527583",State,Bengaluru,Karnataka
28221,Kanakapura Road (P3) Plaza,S,P3AX2,FQCJT,QTHAD,45,00-01-1900 17:07,78130,VC4,F,"12.857833,77.527583",State,Bengaluru,Karnataka
28222,Kanakapura Road (P3) Plaza,S,P3BX3,FFFYC,HEHEL,180,00-01-1900 00:02,172,VC4,F,"12.857833,77.527583",State,Bengaluru,Karnataka
28223,Kanakapura Road (P3) Plaza,S,P3AX2,HMDII,BHWLQ,45,00-01-1900 10:57,112,VC4,F,"12.857833,77.527583",State,Bengaluru,Karnataka
37930,Kanakapura Road (P3) Plaza,S,P3AX2,CRGJX,TNKLK,105,00-01-1900 21:32,62,VC4,F,"12.857833,77.527583",State,Bengaluru,Karnataka
37931,Kanakapura Road (P3) Plaza,S,P3AX2,MGLXC,WLLKU,105,00-01-1900 19:55,85,VC4,F,"12.857833,77.527583",State,Bengaluru,Karnataka
37932,Kanakapura Road (P3) Plaza,S,P3AX1,OCNAD,AVKMY,105,00-01-1900 16:31,75022,VC4,F,"12.857833,77.527583",State,Bengaluru,Karnataka
37933,Kanakapura Road (P3) Plaza,S,P3BX2,HXYOF,KCFEA,105,00-01-1900 19:49,161,VC4,F,"12.857833,77.527583",State,Bengaluru,Karnataka
37934,Kanakapura Road (P3) Plaza,S,P3AX2,RWTMR,PZQBS,110,00-01-1900 15:52,3453,VC9,F,"12.857833,77.527583",State,Bengaluru,Karnataka
37935,Kanakapura Road (P3) Plaza,S,P3BX3,FKIFZ,GWQGR,65,00-01-1900 07:29,145520,VC4,F,"12.857833,77.527583",State,Bengaluru,Karnataka
37936,Kanakapura Road (P3) Plaza,S,P3BX1,CKOHJ,VOCWM,35,00-01-1900 13:48,98866,VC4,F,"12.857833,77.527583",State,Bengaluru,Karnataka
37937,Kanakapura Road (P3) Plaza,S,P3BX3,YNYLA,CKCOP,65,00-01-1900 17:40,100279,VC4,T,"12.857833,77.527583",State,Bengaluru,Karnataka
37938,Kanakapura Road (P3) Plaza,S,P3BX2,IFPPY,OCLCJ,180,00-01-1900 17:29,87437,VC4,F,"12.857833,77.527583",State,Bengaluru,Karnataka
37939,Kanakapura Road (P3) Plaza,S,P3BX3,OZDIJ,ZRYHB,105,00-01-1900 10:21,145,VC4,F,"12.857833,77.527583",State,Bengaluru,Karnataka
37940,Kanakapura Road (P3) Plaza,S,P3BX3,ONSJY,STMZT,105,00-01-1900 16:44,152,VC4,F,"12.857833,77.527583",State,Bengaluru,Karnataka
37941,Kanakapura Road (P3) Plaza,S,P3BX2,GTHIU,BFMGF,195,00-01-1900 19:01,158,VC5,T,"12.857833,77.527583",State,Bengaluru,Karnataka
37942,Kanakapura Road (P3) Plaza,S,P3BX2,HEWEN,FVXJN,180,00-01-1900 22:00,222,VC4,F,"12.857833,77.527583",State,Bengaluru,Karnataka
37943,Kanakapura Road (P3) Plaza,S,P3BX3,TDVDX,CBQUO,65,00-01-1900 16:49,181,VC4,F,"12.857833,77.527583",State,Bengaluru,Karnataka
37944,Kanakapura Road (P3) Plaza,S,P3BX3,VEKXM,YMVMY,130,00-01-1900 19:23,199,VC20,T,"12.857833,77.527583",State,Bengaluru,Karnataka
37945,Kanakapura Road (P3) Plaza,S,P3AX2,OTVDQ,QBFDQ,105,00-01-1900 06:02,150915,VC4,F,"12.857833,77.527583",State,Bengaluru,Karnataka
37946,Kanakapura Road (P3) Plaza,S,P3BX2,YIIYJ,VTTXK,105,00-01-1900 17:07,180,VC20,T,"12.857833,77.527583",State,Bengaluru,Karnataka
37947,Kanakapura Road (P3) Plaza,S,P3BX3,YBXWN,IINYC,105,00-01-1900 18:47,173,VC20,T,"12.857833,77.527583",State,Bengaluru,Karnataka
37948,Kanakapura Road (P3) Plaza,S,P3BX3,MBIIQ,HAOSX,35,00-01-1900 07:34,142826,VC4,F,"12.857833,77.527583",State,Bengaluru,Karnataka
37949,Kanakapura Road (P3) Plaza,S,P3AX1,YWGXY,JBBSG,203,00-01-1900 07:26,122945,VC10,T,"12.857833,77.527583",State,Bengaluru,Karnataka
43826,Kanakapura Road (P3) Plaza,S,P3AX2,YMBBF,MSMMF,440,00-01-1900 07:18,163,VC12,T,"12.857833,77.527583",State,Bengaluru,Karnataka
43827,Kanakapura Road (P3) Plaza,S,P3BX2,YTAAK,MPFVV,105,00-01-1900 07:14,160610,VC4,F,"12.857833,77.527583",State,Bengaluru,Karnataka
43828,Kanakapura Road (P3) Plaza,S,P3AX2,UQLRB,VEAZU,45,00-01-1900 15:01,88054,VC4,F,"12.857833,77.527583",State,Bengaluru,Karnataka
43829,Kanakapura Road (P3) Plaza,S,P3AX2,JRHWA,WAWAN,55,00-01-1900 06:34,133141,VC4,F,"12.857833,77.527583",State,Bengaluru,Karnataka
43830,Kanakapura Road (P3) Plaza,S,P3AX1,MRPOL,JUHPH,45,00-01-1900 06:45,137273,VC4,F,"12.857833,77.527583",State,Bengaluru,Karnataka
43831,Kanakapura Road (P3) Plaza,S,P3BX2,DZSQO,PAFSA,65,00-01-1900 19:55,80,VC4,F,"12.857833,77.527583",State,Bengaluru,Karnataka
43832,Kanakapura Road (P3) Plaza,S,P3BX3,YTITS,FYOST,65,00-01-1900 10:34,171,VC4,F,"12.857833,77.527583",State,Bengaluru,Karnataka
43833,Kanakapura Road (P3) Plaza,S,P3BX3,GDIPY,UOSFR,65,00-01-1900 16:13,2109,VC4,F,"12.857833,77.527583",State,Bengaluru,Karnataka
43834,Kanakapura Road (P3) Plaza,S,P3BX3,WQXCL,QMMRH,660,00-01-1900 07:26,154511,VC12,T,"12.857833,77.527583",State,Bengaluru,Karnataka
43835,Kanakapura Road (P3) Plaza,S,P3AX2,IMDOD,IEDVJ,105,00-01-1900 20:17,112,VC4,F,"12.857833,77.527583",State,Bengaluru,Karnataka
43836,Kanakapura Road (P3) Plaza,S,P3BX2,PIWZJ,AONRY,65,00-01-1900 00:45,230031,VC4,F,"12.857833,77.527583",State,Bengaluru,Karnataka
43837,Kanakapura Road (P3) Plaza,S,P3BX2,JPFXM,FYFYZ,105,00-01-1900 19:19,176,VC20,T,"12.857833,77.527583",State,Bengaluru,Karnataka
43838,Kanakapura Road (P3) Plaza,S,P3AX2,SMPYF,UQDAJ,45,00-01-1900 15:23,5959,VC4,F,"12.857833,77.527583",State,Bengaluru,Karnataka
43839,Kanakapura Road (P3) Plaza,S,P3BX2,TXDXA,KXFWT,35,00-01-1900 09:10,225,VC4,F,"12.857833,77.527583",State,Bengaluru,Karnataka
43840,Kanakapura Road (P3) Plaza,S,P3BX2,QUYMY,BRUHQ,105,00-01-1900 19:11,181,VC4,F,"12.857833,77.527583",State,Bengaluru,Karnataka
43841,Kanakapura Road (P3) Plaza,S,P3BX2,WHTWK,KMKER,105,00-01-1900 06:28,237,VC4,T,"12.857833,77.527583",State,Bengaluru,Karnataka
43842,Kanakapura Road (P3) Plaza,S,P3AX1,VKJWN,VSSRP,45,00-01-1900 17:21,96654,VC4,F,"12.857833,77.527583",State,Bengaluru,Karnataka
43843,Kanakapura Road (P3) Plaza,S,P3AX2,HBGEN,XYJLF,105,00-01-1900 15:57,2943,VC4,F,"12.857833,77.527583",State,Bengaluru,Karnataka
43844,Kanakapura Road (P3) Plaza,S,P3AX2,GMXOP,PKCQD,105,00-01-1900 06:14,161973,VC4,F,"12.857833,77.527583",State,Bengaluru,Karnataka
43845,Kanakapura Road (P3) Plaza,S,P3BX2,MWLNC,NACIA,105,00-01-1900 14:23,10518,VC4,F,"12.857833,77.527583",State,Bengaluru,Karnataka
43846,Kanakapura Road (P3) Plaza,S,P3BX3,KWGWS,OSJSI,65,00-01-1900 18:43,100150,VC4,F,"12.857833,77.527583",State,Bengaluru,Karnataka
43847,Kanakapura Road (P3) Plaza,S,P3BX3,NVQAK,VPFFB,180,00-01-1900 17:49,124331,VC4,F,"12.857833,77.527583",State,Bengaluru,Karnataka
43848,Kanakapura Road (P3) Plaza,S,P3BX2,QOHHL,VVUHQ,35,00-01-1900 14:55,6832,VC4,F,"12.857833,77.527583",State,Bengaluru,Karnataka
43849,Kanakapura Road (P3) Plaza,S,P3BX3,KHNLE,JOEWJ,145,00-01-1900 15:39,4369,VC5,T,"12.857833,77.527583",State,Bengaluru,Karnataka
43850,Kanakapura Road (P3) Plaza,S,P3AX1,OLGKR,ZPQMS,105,00-01-1900 20:11,90,VC4,F,"12.857833,77.527583",State,Bengaluru,Karnataka
43851,Kanakapura Road (P3) Plaza,S,P3BX1,IECYF,XYMFU,1690,00-01-1900 17:51,90507,VC12,T,"12.857833,77.527583",State,Bengaluru,Karnataka
43852,Kanakapura Road (P3) Plaza,S,P3BX3,DTPQY,EFCKI,105,00-01-1900 16:31,872,VC4,F,"12.857833,77.527583",State,Bengaluru,Karnataka
43853,Kanakapura Road (P3) Plaza,S,P3BX3,ZZKLK,BFUYX,65,00-01-1900 17:41,99225,VC4,F,"12.857833,77.527583",State,Bengaluru,Karnataka
43854,Kanakapura Road (P3) Plaza,S,P3BX3,MYGQS,MAPRJ,65,00-01-1900 17:43,96781,VC4,F,"12.857833,77.527583",State,Bengaluru,Karnataka
43855,Kanakapura Road (P3) Plaza,S,P3BX3,BIIXG,QLSMC,480,00-01-1900 16:13,2001,VC7,T,"12.857833,77.527583",State,Bengaluru,Karnataka
51357,Kanakapura Road (P3) Plaza,S,P3AX2,UAMMH,RUUGR,105,00-01-1900 06:42,133252,VC4,F,"12.857833,77.527583",State,Bengaluru,Karnataka
51358,Kanakapura Road (P3) Plaza,S,P3BX3,XUYAE,KQIMQ,105,00-01-1900 07:30,160994,VC4,F,"12.857833,77.527583",State,Bengaluru,Karnataka
51359,Kanakapura Road (P3) Plaza,S,P3AX2,FLBJW,BRGJN,105,00-01-1900 19:25,160,VC4,T,"12.857833,77.527583",State,Bengaluru,Karnataka
51360,Kanakapura Road (P3) Plaza,S,P3BX3,UDHUX,TWASK,105,00-01-1900 17:25,122079,VC4,F,"12.857833,77.527583",State,Bengaluru,Karnataka
51361,Kanakapura Road (P3) Plaza,S,P3BX2,YVRKR,PRZLD,70,00-01-1900 08:40,6433,VC5,T,"12.857833,77.527583",State,Bengaluru,Karnataka
51362,Kanakapura Road (P3) Plaza,S,P3AX1,CWNLT,KDLLJ,440,00-01-1900 16:53,121,VC12,T,"12.857833,77.527583",State,Bengaluru,Karnataka
51363,Kanakapura Road (P3) Plaza,S,P3BX3,QVPXS,EWLNZ,65,00-01-1900 17:39,109,VC4,F,"12.857833,77.527583",State,Bengaluru,Karnataka
51364,Kanakapura Road (P3) Plaza,S,P3BX3,FYXKU,XDZSA,105,00-01-1900 15:05,6108,VC4,F,"12.857833,77.527583",State,Bengaluru,Karnataka
51365,Kanakapura Road (P3) Plaza,S,P3BX2,OQHFW,XHHFM,105,00-01-1900 19:03,164,VC4,F,"12.857833,77.527583",State,Bengaluru,Karnataka
51366,Kanakapura Road (P3) Plaza,S,P3AX2,MORRC,BKOMV,105,00-01-1900 08:12,108,VC4,F,"12.857833,77.527583",State,Bengaluru,Karnataka
57522,Kanakapura Road (P3) Plaza,S,P3BX3,EXURL,NFEHI,130,00-01-1900 14:42,8236,VC4,F,"12.857833,77.527583",State,Bengaluru,Karnataka
57523,Kanakapura Road (P3) Plaza,S,P3AX1,LGKZN,UUGWQ,45,00-01-1900 06:45,132888,VC4,F,"12.857833,77.527583",State,Bengaluru,Karnataka
57524,Kanakapura Road (P3) Plaza,S,P3AX2,CVHZR,HAIPC,45,00-01-1900 06:42,132619,VC4,F,"12.857833,77.527583",State,Bengaluru,Karnataka
57525,Kanakapura Road (P3) Plaza,S,P3AX1,UHAUJ,QIXRN,105,00-01-1900 16:23,72381,VC4,F,"12.857833,77.527583",State,Bengaluru,Karnataka
57526,Kanakapura Road (P3) Plaza,S,P3BX2,HGBDN,GFEAD,330,00-01-1900 06:32,137486,VC10,T,"12.857833,77.527583",State,Bengaluru,Karnataka
57527,Kanakapura Road (P3) Plaza,S,P3AX2,KLSZI,ZNGAG,105,00-01-1900 15:22,5666,VC4,F,"12.857833,77.527583",State,Bengaluru,Karnataka
57528,Kanakapura Road (P3) Plaza,S,P3AX2,XYOZF,PYOOE,45,00-01-1900 22:32,185,VC4,F,"12.857833,77.527583",State,Bengaluru,Karnataka
57529,Kanakapura Road (P3) Plaza,S,P3BX2,KXFQY,UIOPA,105,00-01-1900 20:23,44,VC4,F,"12.857833,77.527583",State,Bengaluru,Karnataka
57530,Kanakapura Road (P3) Plaza,S,P3BX3,PDBTM,BXGCF,130,00-01-1900 16:15,1859,VC20,T,"12.857833,77.527583",State,Bengaluru,Karnataka
57531,Kanakapura Road (P3) Plaza,S,P3BX1,MNOBT,QVQAL,65,00-01-1900 13:59,62582,VC4,F,"12.857833,77.527583",State,Bengaluru,Karnataka
57532,Kanakapura Road (P3) Plaza,S,P3AX2,OTAXI,VTUJN,203,00-01-1900 00:38,161,VC10,T,"12.857833,77.527583",State,Bengaluru,Karnataka
57533,Kanakapura Road (P3) Plaza,S,P3BX3,ZLNSW,EMLJQ,105,00-01-1900 20:09,77,VC5,T,"12.857833,77.527583",State,Bengaluru,Karnataka
57534,Kanakapura Road (P3) Plaza,S,P3BX2,WFJRS,FTXCN,65,00-01-1900 17:45,71738,VC4,F,"12.857833,77.527583",State,Bengaluru,Karnataka
57535,Kanakapura Road (P3) Plaza,S,P3AX2,NIUYN,RCZGD,88,00-01-1900 16:01,120702,VC10,T,"12.857833,77.527583",State,Bengaluru,Karnataka
57536,Kanakapura Road (P3) Plaza,S,P3BX2,RLACO,HPRRK,65,00-01-1900 07:45,101044,VC4,F,"12.857833,77.527583",State,Bengaluru,Karnataka
57537,Kanakapura Road (P3) Plaza,S,P3AX2,RLQFE,ODISE,45,00-01-1900 14:40,8508,VC4,F,"12.857833,77.527583",State,Bengaluru,Karnataka
57538,Kanakapura Road (P3) Plaza,S,P3BX3,UWMEG,NXPDO,105,00-01-1900 14:34,9136,VC4,F,"12.857833,77.527583",State,Bengaluru,Karnataka
57539,Kanakapura Road (P3) Plaza,S,P3AX1,TWDUK,GJWPL,45,00-01-1900 06:34,162025,VC4,T,"12.857833,77.527583",State,Bengaluru,Karnataka
57540,Kanakapura Road (P3) Plaza,S,P3AX2,FHHDL,CAXTK,105,00-01-1900 16:39,581,VC4,F,"12.857833,77.527583",State,Bengaluru,Karnataka
57541,Kanakapura Road (P3) Plaza,S,P3BX3,NCFZY,MMTKE,660,00-01-1900 15:32,4823,VC12,T,"12.857833,77.527583",State,Bengaluru,Karnataka
57542,Kanakapura Road (P3) Plaza,S,P3BX2,EAAVM,SGJRG,330,00-01-1900 06:28,16393,VC11,T,"12.857833,77.527583",State,Bengaluru,Karnataka
57543,Kanakapura Road (P3) Plaza,S,P3BX3,SXVJK,DUWEZ,105,00-01-1900 15:53,3298,VC4,T,"12.857833,77.527583",State,Bengaluru,Karnataka
57544,Kanakapura Road (P3) Plaza,S,P3AX2,NWOGL,KLFCD,105,00-01-1900 21:28,181,VC4,T,"12.857833,77.527583",State,Bengaluru,Karnataka
57545,Kanakapura Road (P3) Plaza,S,P3BX2,SGNOC,NNSHV,105,00-01-1900 08:20,139,VC4,F,"12.857833,77.527583",State,Bengaluru,Karnataka
57546,Kanakapura Road (P3) Plaza,S,P3BX2,LWYZL,QPNTA,195,00-01-1900 07:47,231,VC5,T,"12.857833,77.527583",State,Bengaluru,Karnataka
57547,Kanakapura Road (P3) Plaza,S,P3AX1,KUEZO,OMQOK,110,00-01-1900 17:41,130414,VC5,T,"12.857833,77.527583",State,Bengaluru,Karnataka
58913,Kanakapura Road (P3) Plaza,S,P3BX2,DMXTX,FHNTP,65,00-01-1900 16:35,552,VC4,F,"12.857833,77.527583",State,Bengaluru,Karnataka
58914,Kanakapura Road (P3) Plaza,S,P3BX3,ETFOW,FFMZJ,100,00-01-1900 02:24,213,VC11,T,"12.857833,77.527583",State,Bengaluru,Karnataka
58915,Kanakapura Road (P3) Plaza,S,P3AX2,FLHVV,CBWOT,105,00-01-1900 15:25,5331,VC4,F,"12.857833,77.527583",State,Bengaluru,Karnataka
58916,Kanakapura Road (P3) Plaza,S,P3AX2,GHLQD,BXOCJ,105,00-01-1900 00:14,221,VC4,F,"12.857833,77.527583",State,Bengaluru,Karnataka
58917,Kanakapura Road (P3) Plaza,S,P3AX2,MVZGI,XGXLE,45,00-01-1900 16:25,1177,VC4,F,"12.857833,77.527583",State,Bengaluru,Karnataka
58918,Kanakapura Road (P3) Plaza,S,P3AX2,LDUUV,FCRCG,105,00-01-1900 09:22,61,VC4,F,"12.857833,77.527583",State,Bengaluru,Karnataka
58919,Kanakapura Road (P3) Plaza,S,P3BX2,ZMICH,VRRMB,180,00-01-1900 07:16,177673,VC4,F,"12.857833,77.527583",State,Bengaluru,Karnataka
69204,Kanakapura Road (P3) Plaza,S,P3BX2,AFJDM,KKFCW,65,00-01-1900 08:34,6504,VC4,T,"12.857833,77.527583",State,Bengaluru,Karnataka
69205,Kanakapura Road (P3) Plaza,S,P3AX2,FZGYQ,ZOZLM,105,00-01-1900 21:28,192,VC4,F,"12.857833,77.527583",State,Bengaluru,Karnataka
69206,Kanakapura Road (P3) Plaza,S,P3AX2,SRLZC,OOUJV,45,00-01-1900 15:42,4399,VC4,F,"12.857833,77.527583",State,Bengaluru,Karnataka
69207,Kanakapura Road (P3) Plaza,S,P3AX2,IUTOM,COVYP,105,00-01-1900 08:20,216,VC4,F,"12.857833,77.527583",State,Bengaluru,Karnataka
69208,Kanakapura Road (P3) Plaza,S,P3AX1,TWUVD,MFCRY,110,00-01-1900 16:43,288,VC5,T,"12.857833,77.527583",State,Bengaluru,Karnataka
69209,Kanakapura Road (P3) Plaza,S,P3BX1,YNABA,QTPRC,105,00-01-1900 14:24,85972,VC4,F,"12.857833,77.527583",State,Bengaluru,Karnataka
69210,Kanakapura Road (P3) Plaza,S,P3BX2,YZILH,GNCZQ,180,00-01-1900 06:26,164972,VC4,F,"12.857833,77.527583",State,Bengaluru,Karnataka
69211,Kanakapura Road (P3) Plaza,S,P3BX1,DBSBJ,JULCU,35,00-01-1900 06:18,172830,VC4,F,"12.857833,77.527583",State,Bengaluru,Karnataka
69212,Kanakapura Road (P3) Plaza,S,P3BX3,YKSHU,WNETI,180,00-01-1900 17:40,98603,VC4,F,"12.857833,77.527583",State,Bengaluru,Karnataka
69213,Kanakapura Road (P3) Plaza,S,P3AX1,OJWTS,WXNBF,105,00-01-1900 17:25,168,VC4,F,"12.857833,77.527583",State,Bengaluru,Karnataka
69214,Kanakapura Road (P3) Plaza,S,P3AX2,FBVUQ,WCAFV,45,00-01-1900 19:17,146,VC4,F,"12.857833,77.527583",State,Bengaluru,Karnataka
69215,Kanakapura Road (P3) Plaza,S,P3BX2,FZTYB,ZXDCY,105,00-01-1900 07:15,134810,VC4,F,"12.857833,77.527583",State,Bengaluru,Karnataka
69216,Kanakapura Road (P3) Plaza,S,P3AX2,PHOTT,QNQKV,45,00-01-1900 06:32,98871,VC20,T,"12.857833,77.527583",State,Bengaluru,Karnataka
69217,Kanakapura Road (P3) Plaza,S,P3AX2,IWOXV,TRJWQ,45,00-01-1900 06:39,136689,VC4,F,"12.857833,77.527583",State,Bengaluru,Karnataka
69218,Kanakapura Road (P3) Plaza,S,P3AX2,ZLKPM,JLIFK,45,00-01-1900 08:38,181,VC4,F,"12.857833,77.527583",State,Bengaluru,Karnataka
69219,Kanakapura Road (P3) Plaza,S,P3AX1,ZSUIY,AAGID,105,00-01-1900 17:59,117,VC4,F,"12.857833,77.527583",State,Bengaluru,Karnataka
69220,Kanakapura Road (P3) Plaza,S,P3BX2,JSCEX,QYVHS,105,00-01-1900 21:56,188,VC4,F,"12.857833,77.527583",State,Bengaluru,Karnataka
69221,Kanakapura Road (P3) Plaza,S,P3BX3,EGWUO,YWZHU,105,00-01-1900 18:51,113,VC4,F,"12.857833,77.527583",State,Bengaluru,Karnataka
70508,Kanakapura Road (P3) Plaza,S,P3BX3,NSMOG,WYUOH,65,00-01-1900 17:37,109244,VC4,F,"12.857833,77.527583",State,Bengaluru,Karnataka
70509,Kanakapura Road (P3) Plaza,S,P3AX1,EXDZF,FPUVS,105,00-01-1900 19:58,161,VC4,F,"12.857833,77.527583",State,Bengaluru,Karnataka
70510,Kanakapura Road (P3) Plaza,S,P3AX1,QPFIE,DLNCM,215,00-01-1900 17:03,94444,VC14,T,"12.857833,77.527583",State,Bengaluru,Karnataka
70511,Kanakapura Road (P3) Plaza,S,P3BX3,JLQUK,NGEPV,65,00-01-1900 18:53,107318,VC4,F,"12.857833,77.527583",State,Bengaluru,Karnataka
70512,Kanakapura Road (P3) Plaza,S,P3BX2,EAOBR,XDGCI,65,00-01-1900 19:09,156,VC4,F,"12.857833,77.527583",State,Bengaluru,Karnataka
70513,Kanakapura Road (P3) Plaza,S,P3AX2,TKNJU,XCNHZ,105,00-01-1900 09:02,137,VC4,F,"12.857833,77.527583",State,Bengaluru,Karnataka
70514,Kanakapura Road (P3) Plaza,S,P3BX3,VYLFD,UALPV,65,00-01-1900 15:03,6224,VC4,F,"12.857833,77.527583",State,Bengaluru,Karnataka
70515,Kanakapura Road (P3) Plaza,S,P3AX2,DLPTF,HTWXU,105,00-01-1900 19:37,176,VC4,F,"12.857833,77.527583",State,Bengaluru,Karnataka
70516,Kanakapura Road (P3) Plaza,S,P3BX2,QBAKL,XIXSC,180,00-01-1900 19:47,194,VC4,F,"12.857833,77.527583",State,Bengaluru,Karnataka
70517,Kanakapura Road (P3) Plaza,S,P3BX2,ABZOD,LECEF,65,00-01-1900 07:27,139739,VC4,F,"12.857833,77.527583",State,Bengaluru,Karnataka
70518,Kanakapura Road (P3) Plaza,S,P3BX3,JTIBC,BTTIQ,35,00-01-1900 17:39,107482,VC4,F,"12.857833,77.527583",State,Bengaluru,Karnataka
70519,Kanakapura Road (P3) Plaza,S,P3AX2,MXVIP,GSQJJ,105,00-01-1900 17:12,74,VC4,F,"12.857833,77.527583",State,Bengaluru,Karnataka
70520,Kanakapura Road (P3) Plaza,S,P3AX2,EJETW,BYICY,45,00-01-1900 07:30,150383,VC5,T,"12.857833,77.527583",State,Bengaluru,Karnataka
70521,Kanakapura Road (P3) Plaza,S,P3AX1,RGDWI,PDKRJ,105,00-01-1900 15:59,2689,VC4,F,"12.857833,77.527583",State,Bengaluru,Karnataka
70522,Kanakapura Road (P3) Plaza,S,P3AX1,ZODFO,GWRDI,105,00-01-1900 18:15,105,VC4,F,"12.857833,77.527583",State,Bengaluru,Karnataka
70523,Kanakapura Road (P3) Plaza,S,P3BX2,NYFME,KQLQX,65,00-01-1900 22:02,149,VC4,F,"12.857833,77.527583",State,Bengaluru,Karnataka
70524,Kanakapura Road (P3) Plaza,S,P3AX2,QUELD,BSFSB,105,00-01-1900 21:30,114,VC4,F,"12.857833,77.527583",State,Bengaluru,Karnataka
70525,Kanakapura Road (P3) Plaza,S,P3BX2,OJMES,SJMZP,105,00-01-1900 14:35,8982,VC4,F,"12.857833,77.527583",State,Bengaluru,Karnataka
70526,Kanakapura Road (P3) Plaza,S,P3BX2,VZPMD,HRZNK,65,00-01-1900 22:00,169,VC4,F,"12.857833,77.527583",State,Bengaluru,Karnataka
70527,Kanakapura Road (P3) Plaza,S,P3BX2,TMNAW,KDWTJ,176,00-01-1900 05:15,92,VC10,T,"12.857833,77.527583",State,Bengaluru,Karnataka
70528,Kanakapura Road (P3) Plaza,S,P3BX2,PEATQ,RLMAJ,105,00-01-1900 14:39,8633,VC4,F,"12.857833,77.527583",State,Bengaluru,Karnataka
70529,Kanakapura Road (P3) Plaza,S,P3BX2,TVCPE,QQTCI,330,00-01-1900 16:31,972,VC11,T,"12.857833,77.527583",State,Bengaluru,Karnataka
70530,Kanakapura Road (P3) Plaza,S,P3BX2,XTNHG,MLDDX,180,00-01-1900 21:41,123,VC4,F,"12.857833,77.527583",State,Bengaluru,Karnataka
70531,Kanakapura Road (P3) Plaza,S,P3AX1,SWXOT,NVZIA,220,00-01-1900 19:37,111,VC11,T,"12.857833,77.527583",State,Bengaluru,Karnataka
70532,Kanakapura Road (P3) Plaza,S,P3AX2,BCKUW,MJZIM,220,00-01-1900 08:32,139,VC11,F,"12.857833,77.527583",State,Bengaluru,Karnataka
70533,Kanakapura Road (P3) Plaza,S,P3BX3,PLLRZ,HNWXB,65,00-01-1900 17:01,115,VC4,F,"12.857833,77.527583",State,Bengaluru,Karnataka
70534,Kanakapura Road (P3) Plaza,S,P3AX2,PUOTU,NOJQY,105,00-01-1900 14:23,89109,VC4,F,"12.857833,77.527583",State,Bengaluru,Karnataka
70535,Kanakapura Road (P3) Plaza,S,P3AX2,ILEHZ,QXJVK,105,00-01-1900 21:05,173,VC4,F,"12.857833,77.527583",State,Bengaluru,Karnataka
70536,Kanakapura Road (P3) Plaza,S,P3BX2,SVROQ,QJKMF,65,00-01-1900 16:23,1405,VC4,F,"12.857833,77.527583",State,Bengaluru,Karnataka
70537,Kanakapura Road (P3) Plaza,S,P3AX1,WOYZU,OMULQ,105,00-01-1900 17:39,115,VC4,F,"12.857833,77.527583",State,Bengaluru,Karnataka
70538,Kanakapura Road (P3) Plaza,S,P3BX3,DQZTC,ZRMDW,105,00-01-1900 20:11,136,VC4,F,"12.857833,77.527583",State,Bengaluru,Karnataka
70539,Kanakapura Road (P3) Plaza,S,P3BX3,IQFRV,NFETZ,105,00-01-1900 20:33,189,VC5,T,"12.857833,77.527583",State,Bengaluru,Karnataka
73144,Kanakapura Road (P3) Plaza,S,P3BX2,GXUOQ,JGBZQ,105,00-01-1900 22:36,228,VC4,F,"12.857833,77.527583",State,Bengaluru,Karnataka
73145,Kanakapura Road (P3) Plaza,S,P3AX2,QVYLS,YPOKK,45,00-01-1900 22:46,221,VC4,F,"12.857833,77.527583",State,Bengaluru,Karnataka
73146,Kanakapura Road (P3) Plaza,S,P3AX2,NLLSB,OHXJL,105,00-01-1900 14:24,10990,VC4,F,"12.857833,77.527583",State,Bengaluru,Karnataka
73147,Kanakapura Road (P3) Plaza,S,P3BX3,FZUXP,KCJXM,105,00-01-1900 10:38,280,VC4,F,"12.857833,77.527583",State,Bengaluru,Karnataka
73148,Kanakapura Road (P3) Plaza,S,P3BX2,PZUCG,LEZUM,65,00-01-1900 06:52,169400,VC20,T,"12.857833,77.527583",State,Bengaluru,Karnataka
73149,Kanakapura Road (P3) Plaza,S,P3AX1,FSDSS,UUCYW,45,00-01-1900 18:27,99,VC4,F,"12.857833,77.527583",State,Bengaluru,Karnataka
73150,Kanakapura Road (P3) Plaza,S,P3BX3,FVVFX,QDZKU,35,00-01-1900 17:30,81080,VC4,F,"12.857833,77.527583",State,Bengaluru,Karnataka
73151,Kanakapura Road (P3) Plaza,S,P3BX2,UIEKV,VNRHF,160,00-01-1900 17:14,48708,VC7,T,"12.857833,77.527583",State,Bengaluru,Karnataka
73152,Kanakapura Road (P3) Plaza,S,P3BX3,SBIAI,ABZJN,65,00-01-1900 09:08,1065,VC4,F,"12.857833,77.527583",State,Bengaluru,Karnataka
73153,Kanakapura Road (P3) Plaza,S,P3BX2,MHKXB,DNSLR,65,00-01-1900 16:02,172946,VC4,F,"12.857833,77.527583",State,Bengaluru,Karnataka
73154,Kanakapura Road (P3) Plaza,S,P3AX2,YNBBG,TLIOD,105,00-01-1900 16:33,750,VC4,F,"12.857833,77.527583",State,Bengaluru,Karnataka
73155,Kanakapura Road (P3) Plaza,S,P3AX2,VJZMN,YODHW,45,00-01-1900 16:31,882,VC4,F,"12.857833,77.527583",State,Bengaluru,Karnataka
73156,Kanakapura Road (P3) Plaza,S,P3AX2,MQSEM,OUKKV,105,00-01-1900 21:11,170,VC4,F,"12.857833,77.527583",State,Bengaluru,Karnataka
73157,Kanakapura Road (P3) Plaza,S,P3AX2,KOQUX,PRYBN,105,00-01-1900 17:35,118020,VC20,T,"12.857833,77.527583",State,Bengaluru,Karnataka
73158,Kanakapura Road (P3) Plaza,S,P3BX3,OIIWQ,ZXWID,105,00-01-1900 10:30,256,VC4,F,"12.857833,77.527583",State,Bengaluru,Karnataka
73159,Kanakapura Road (P3) Plaza,S,P3BX2,DXOSH,EXIJD,130,00-01-1900 20:33,205,VC4,T,"12.857833,77.527583",State,Bengaluru,Karnataka
73160,Kanakapura Road (P3) Plaza,S,P3BX3,SEYKJ,RLNYW,50,00-01-1900 17:41,127633,VC5,T,"12.857833,77.527583",State,Bengaluru,Karnataka
73161,Kanakapura Road (P3) Plaza,S,P3AX1,OZULU,LNQQH,45,00-01-1900 17:45,105,VC9,T,"12.857833,77.527583",State,Bengaluru,Karnataka
73162,Kanakapura Road (P3) Plaza,S,P3BX3,DOYNW,SKYIE,130,00-01-1900 18:04,185,VC20,F,"12.857833,77.527583",State,Bengaluru,Karnataka
73163,Kanakapura Road (P3) Plaza,S,P3BX2,FHVLD,QBBIA,260,00-01-1900 09:00,148,VC7,T,"12.857833,77.527583",State,Bengaluru,Karnataka
73164,Kanakapura Road (P3) Plaza,S,P3BX1,EHGSE,BMKAV,35,00-01-1900 13:45,105087,VC4,T,"12.857833,77.527583",State,Bengaluru,Karnataka
73165,Kanakapura Road (P3) Plaza,S,P3BX2,HWYCS,KQRXF,65,00-01-1900 17:37,189,VC4,F,"12.857833,77.527583",State,Bengaluru,Karnataka
73166,Kanakapura Road (P3) Plaza,S,P3BX2,WLJQS,IGQZL,105,00-01-1900 22:48,144,VC4,F,"12.857833,77.527583",State,Bengaluru,Karnataka
73167,Kanakapura Road (P3) Plaza,S,P3AX2,GJBEJ,WVKNE,105,00-01-1900 14:24,10874,VC4,F,"12.857833,77.527583",State,Bengaluru,Karnataka
76476,Kanakapura Road (P3) Plaza,S,P3BX2,ULMUM,YIVPY,65,00-01-1900 20:48,166,VC4,F,"12.857833,77.527583",State,Bengaluru,Karnataka
76477,Kanakapura Road (P3) Plaza,S,P3BX2,TTZRB,OQUOQ,130,00-01-1900 09:44,226,VC4,F,"12.857833,77.527583",State,Bengaluru,Karnataka
76478,Kanakapura Road (P3) Plaza,S,P3BX2,OMNVU,DTMTD,105,00-01-1900 20:29,137,VC4,F,"12.857833,77.527583",State,Bengaluru,Karnataka
76479,Kanakapura Road (P3) Plaza,S,P3BX1,TYXGT,LRZQA,65,00-01-1900 13:49,72500,VC4,F,"12.857833,77.527583",State,Bengaluru,Karnataka
76480,Kanakapura Road (P3) Plaza,S,P3BX2,RFSEP,COJET,180,00-01-1900 19:23,98,VC20,T,"12.857833,77.527583",State,Bengaluru,Karnataka
76481,Kanakapura Road (P3) Plaza,S,P3BX3,PLDRF,WVAID,65,00-01-1900 19:23,171,VC4,F,"12.857833,77.527583",State,Bengaluru,Karnataka
76482,Kanakapura Road (P3) Plaza,S,P3AX2,PNCFX,HUHKZ,105,00-01-1900 14:38,8688,VC4,F,"12.857833,77.527583",State,Bengaluru,Karnataka
76483,Kanakapura Road (P3) Plaza,S,P3AX2,HQAXQ,DFPSU,45,00-01-1900 10:14,69,VC4,F,"12.857833,77.527583",State,Bengaluru,Karnataka
76484,Kanakapura Road (P3) Plaza,S,P3AX1,YXKHX,PVNXT,45,00-01-1900 16:03,2497,VC4,F,"12.857833,77.527583",State,Bengaluru,Karnataka
76485,Kanakapura Road (P3) Plaza,S,P3BX3,MFMSG,AYFWJ,35,00-01-1900 20:27,183,VC4,F,"12.857833,77.527583",State,Bengaluru,Karnataka
76486,Kanakapura Road (P3) Plaza,S,P3AX2,LVMUV,PAILM,45,00-01-1900 06:50,135326,VC4,F,"12.857833,77.527583",State,Bengaluru,Karnataka
76487,Kanakapura Road (P3) Plaza,S,P3BX3,QHYZY,TJZWO,480,00-01-1900 16:21,1628,VC7,T,"12.857833,77.527583",State,Bengaluru,Karnataka
76488,Kanakapura Road (P3) Plaza,S,P3AX2,QEMJG,BOKEB,45,00-01-1900 17:19,110026,VC4,T,"12.857833,77.527583",State,Bengaluru,Karnataka
76489,Kanakapura Road (P3) Plaza,S,P3BX3,TJQPI,BWAZO,65,00-01-1900 07:22,104810,VC4,T,"12.857833,77.527583",State,Bengaluru,Karnataka
76490,Kanakapura Road (P3) Plaza,S,P3AX1,RPOAG,IDFZM,105,00-01-1900 17:33,154,VC4,F,"12.857833,77.527583",State,Bengaluru,Karnataka
76491,Kanakapura Road (P3) Plaza,S,P3BX3,LKFAP,MKZUJ,35,00-01-1900 07:25,142234,VC4,F,"12.857833,77.527583",State,Bengaluru,Karnataka
76492,Kanakapura Road (P3) Plaza,S,P3AX2,XGITN,ASDZT,105,00-01-1900 14:49,7580,VC4,F,"12.857833,77.527583",State,Bengaluru,Karnataka
76493,Kanakapura Road (P3) Plaza,S,P3BX2,PIDLS,HHYIH,130,00-01-1900 21:32,64,VC20,T,"12.857833,77.527583",State,Bengaluru,Karnataka
76494,Kanakapura Road (P3) Plaza,S,P3BX2,FDFCM,USCLM,317,00-01-1900 17:43,107234,VC10,T,"12.857833,77.527583",State,Bengaluru,Karnataka
76495,Kanakapura Road (P3) Plaza,S,P3BX3,HZUWJ,HHIQM,65,00-01-1900 15:39,4246,VC4,F,"12.857833,77.527583",State,Bengaluru,Karnataka
76496,Kanakapura Road (P3) Plaza,S,P3BX2,NBUOU,FAXEM,260,00-01-1900 09:06,240,VC7,T,"12.857833,77.527583",State,Bengaluru,Karnataka
76497,Kanakapura Road (P3) Plaza,S,P3AX2,PSABW,OMUSB,45,00-01-1900 21:41,100,VC4,F,"12.857833,77.527583",State,Bengaluru,Karnataka
76498,Kanakapura Road (P3) Plaza,S,P3AX2,IGTGQ,BOHRN,105,00-01-1900 06:22,172812,VC4,F,"12.857833,77.527583",State,Bengaluru,Karnataka
76499,Kanakapura Road (P3) Plaza,S,P3BX2,ELQJG,MUKGC,65,00-01-1900 07:02,162564,VC4,F,"12.857833,77.527583",State,Bengaluru,Karnataka
76500,Kanakapura Road (P3) Plaza,S,P3BX3,YHGMO,GEWFW,65,00-01-1900 17:35,114897,VC4,F,"12.857833,77.527583",State,Bengaluru,Karnataka
76501,Kanakapura Road (P3) Plaza,S,P3BX3,KLFTH,BSIJR,105,00-01-1900 06:46,157760,VC4,F,"12.857833,77.527583",State,Bengaluru,Karnataka
76502,Kanakapura Road (P3) Plaza,S,P3BX2,DWWWZ,YBVVM,105,00-01-1900 06:21,174450,VC5,T,"12.857833,77.527583",State,Bengaluru,Karnataka
76503,Kanakapura Road (P3) Plaza,S,P3BX3,UOUQT,HHEJN,300,00-01-1900 17:41,98492,VC12,T,"12.857833,77.527583",State,Bengaluru,Karnataka
76504,Kanakapura Road (P3) Plaza,S,P3AX2,JDXSS,JQRCL,105,00-01-1900 08:06,148,VC4,F,"12.857833,77.527583",State,Bengaluru,Karnataka
76505,Kanakapura Road (P3) Plaza,S,P3AX2,AVQID,HYVJV,105,00-01-1900 22:00,253,VC4,F,"12.857833,77.527583",State,Bengaluru,Karnataka
76506,Kanakapura Road (P3) Plaza,S,P3BX2,BHDUJ,FNPRV,105,00-01-1900 07:14,149,VC4,F,"12.857833,77.527583",State,Bengaluru,Karnataka
76507,Kanakapura Road (P3) Plaza,S,P3BX2,ADPLP,GIOSN,180,00-01-1900 16:51,119,VC4,F,"12.857833,77.527583",State,Bengaluru,Karnataka
76508,Kanakapura Road (P3) Plaza,S,P3AX2,IXGVG,JNCOI,105,00-01-1900 18:51,138,VC4,F,"12.857833,77.527583",State,Bengaluru,Karnataka
77258,Kanakapura Road (P3) Plaza,S,P3BX3,JLQUF,WQLRD,65,00-01-1900 07:13,175935,VC4,F,"12.857833,77.527583",State,Bengaluru,Karnataka
90378,Kanakapura Road (P3) Plaza,S,P3BX2,DOAFN,NABHJ,176,00-01-1900 06:50,181225,VC10,T,"12.857833,77.527583",State,Bengaluru,Karnataka
90379,Kanakapura Road (P3) Plaza,S,P3BX2,GNYUT,URNVO,180,00-01-1900 06:52,117,VC4,F,"12.857833,77.527583",State,Bengaluru,Karnataka
90380,Kanakapura Road (P3) Plaza,S,P3AX1,KUEFH,OUNSX,105,00-01-1900 19:49,166,VC4,F,"12.857833,77.527583",State,Bengaluru,Karnataka
90381,Kanakapura Road (P3) Plaza,S,P3AX2,JIQKS,VVJYQ,105,00-01-1900 06:28,108690,VC4,F,"12.857833,77.527583",State,Bengaluru,Karnataka
90382,Kanakapura Road (P3) Plaza,S,P3AX1,RGXFW,EAGCP,45,00-01-1900 07:25,61847,VC4,F,"12.857833,77.527583",State,Bengaluru,Karnataka
90383,Kanakapura Road (P3) Plaza,S,P3BX2,XOEYH,BZQPB,65,00-01-1900 18:33,119,VC4,F,"12.857833,77.527583",State,Bengaluru,Karnataka
90384,Kanakapura Road (P3) Plaza,S,P3AX2,LYJSY,DSSUY,45,00-01-1900 01:40,246,VC4,F,"12.857833,77.527583",State,Bengaluru,Karnataka
90385,Kanakapura Road (P3) Plaza,S,P3BX2,ALWAS,RUCFR,105,00-01-1900 07:46,99885,VC4,F,"12.857833,77.527583",State,Bengaluru,Karnataka
90386,Kanakapura Road (P3) Plaza,S,P3BX3,OJHCW,TMJNM,65,00-01-1900 18:56,97344,VC4,F,"12.857833,77.527583",State,Bengaluru,Karnataka
90387,Kanakapura Road (P3) Plaza,S,P3AX1,VRTGV,AMURN,660,00-01-1900 07:24,137278,VC12,T,"12.857833,77.527583",State,Bengaluru,Karnataka
90388,Kanakapura Road (P3) Plaza,S,P3BX3,NYGXD,KTVEL,105,00-01-1900 15:23,5450,VC20,T,"12.857833,77.527583",State,Bengaluru,Karnataka
90389,Kanakapura Road (P3) Plaza,S,P3BX2,XHOEX,ZWYCQ,65,00-01-1900 17:03,155,VC4,F,"12.857833,77.527583",State,Bengaluru,Karnataka
90390,Kanakapura Road (P3) Plaza,S,P3BX2,OSASU,PNSXJ,105,00-01-1900 16:33,892,VC4,F,"12.857833,77.527583",State,Bengaluru,Karnataka
90391,Kanakapura Road (P3) Plaza,S,P3AX2,THNVP,ZOQII,105,00-01-1900 15:53,3236,VC4,F,"12.857833,77.527583",State,Bengaluru,Karnataka
90392,Kanakapura Road (P3) Plaza,S,P3BX2,SYZWY,VKOJU,105,00-01-1900 18:59,203,VC4,F,"12.857833,77.527583",State,Bengaluru,Karnataka
90656,Kanakapura Road (P3) Plaza,S,P3AX1,VVIXV,LTSPT,45,00-01-1900 17:03,68862,VC4,F,"12.857833,77.527583",State,Bengaluru,Karnataka
90657,Kanakapura Road (P3) Plaza,S,P3AX2,KNVMP,WAYWM,105,00-01-1900 14:39,8350,VC4,F,"12.857833,77.527583",State,Bengaluru,Karnataka
90658,Kanakapura Road (P3) Plaza,S,P3BX3,FIKYT,YCQZW,65,00-01-1900 13:50,112541,VC4,F,"12.857833,77.527583",State,Bengaluru,Karnataka
90659,Kanakapura Road (P3) Plaza,S,P3BX3,DXSRR,MKLAU,105,00-01-1900 17:45,122,VC4,T,"12.857833,77.527583",State,Bengaluru,Karnataka
90660,Kanakapura Road (P3) Plaza,S,P3AX2,RYVIV,BJIQU,105,00-01-1900 16:43,98496,VC4,F,"12.857833,77.527583",State,Bengaluru,Karnataka
90661,Kanakapura Road (P3) Plaza,S,P3BX3,JPDON,VELAE,65,00-01-1900 19:45,219,VC4,F,"12.857833,77.527583",State,Bengaluru,Karnataka
90662,Kanakapura Road (P3) Plaza,S,P3BX3,ASRFP,QWSIZ,35,00-01-1900 17:32,103975,VC4,F,"12.857833,77.527583",State,Bengaluru,Karnataka
90663,Kanakapura Road (P3) Plaza,S,P3BX3,AHWXF,RXZVT,105,00-01-1900 17:41,101813,VC4,F,"12.857833,77.527583",State,Bengaluru,Karnataka
90664,Kanakapura Road (P3) Plaza,S,P3BX3,FMXKT,OURGT,65,00-01-1900 15:53,3149,VC4,F,"12.857833,77.527583",State,Bengaluru,Karnataka
90665,Kanakapura Road (P3) Plaza,S,P3BX3,RKKBW,AJVXT,105,00-01-1900 19:45,169,VC4,F,"12.857833,77.527583",State,Bengaluru,Karnataka
90666,Kanakapura Road (P3) Plaza,S,P3AX2,BJQOJ,BPIXU,135,00-01-1900 18:57,124,VC7,F,"12.857833,77.527583",State,Bengaluru,Karnataka
90667,Kanakapura Road (P3) Plaza,S,P3AX2,CRHPU,QGZFT,45,00-01-1900 18:33,80,VC4,F,"12.857833,77.527583",State,Bengaluru,Karnataka
90668,Kanakapura Road (P3) Plaza,S,P3AX2,JIKEU,YMGBK,110,00-01-1900 17:12,152,VC5,T,"12.857833,77.527583",State,Bengaluru,Karnataka
90669,Kanakapura Road (P3) Plaza,S,P3AX1,GTJOD,BXGUD,105,00-01-1900 16:57,178,VC4,F,"12.857833,77.527583",State,Bengaluru,Karnataka
90670,Kanakapura Road (P3) Plaza,S,P3BX3,NEZAX,LGPMF,65,00-01-1900 15:07,6177,VC4,F,"12.857833,77.527583",State,Bengaluru,Karnataka
90671,Kanakapura Road (P3) Plaza,S,P3AX2,YLPHH,PLLPF,105,00-01-1900 06:36,180,VC4,F,"12.857833,77.527583",State,Bengaluru,Karnataka
90672,Kanakapura Road (P3) Plaza,N,P01,BYBBR,DTPYX,175,00-01-1900 06:30,130635,VC4,F,"12.857833,77.527583",State,Bengaluru,Karnataka
90673,Kanakapura Road (P3) Plaza,S,P3AX1,TBXXQ,KHNST,105,00-01-1900 15:59,2687,VC4,F,"12.857833,77.527583",State,Bengaluru,Karnataka
90674,Kanakapura Road (P3) Plaza,S,P3BX2,JPJXM,GCHVN,285,00-01-1900 07:00,162091,VC11,T,"12.857833,77.527583",State,Bengaluru,Karnataka
90675,Kanakapura Road (P3) Plaza,S,P3BX1,SGQEZ,KNDEZ,65,00-01-1900 07:19,137134,VC4,T,"12.857833,77.527583",State,Bengaluru,Karnataka
90676,Kanakapura Road (P3) Plaza,S,P3AX2,NGGEQ,QAXPV,45,00-01-1900 14:45,7821,VC4,F,"12.857833,77.527583",State,Bengaluru,Karnataka
90677,Kanakapura Road (P3) Plaza,S,P3AX2,ZZKFG,FRWLI,105,00-01-1900 06:43,139410,VC4,F,"12.857833,77.527583",State,Bengaluru,Karnataka
90678,Kanakapura Road (P3) Plaza,S,P3AX1,YSAWC,LQAPJ,105,00-01-1900 19:51,147,VC4,F,"12.857833,77.527583",State,Bengaluru,Karnataka
90679,Kanakapura Road (P3) Plaza,S,P3BX3,ELQUT,KGYDF,65,00-01-1900 18:49,82,VC4,F,"12.857833,77.527583",State,Bengaluru,Karnataka
90680,Kanakapura Road (P3) Plaza,S,P3AX2,LVPFH,GLJZB,660,00-01-1900 17:35,110016,VC12,T,"12.857833,77.527583",State,Bengaluru,Karnataka
90681,Kanakapura Road (P3) Plaza,S,P3BX3,RZMER,LTPAB,105,00-01-1900 15:49,3571,VC4,F,"12.857833,77.527583",State,Bengaluru,Karnataka
90682,Kanakapura Road (P3) Plaza,S,P3AX1,WDBON,OGAMG,105,00-01-1900 17:41,109249,VC4,F,"12.857833,77.527583",State,Bengaluru,Karnataka
90683,Kanakapura Road (P3) Plaza,S,P3AX1,JUAHE,KFPVQ,45,00-01-1900 10:16,58153,VC4,F,"12.857833,77.527583",State,Bengaluru,Karnataka
90684,Kanakapura Road (P3) Plaza,S,P3BX2,ENGSM,SRVMD,65,00-01-1900 09:58,168,VC4,T,"12.857833,77.527583",State,Bengaluru,Karnataka
90685,Kanakapura Road (P3) Plaza,S,P3BX2,ZKVBU,JHQWW,65,00-01-1900 14:09,81803,VC4,F,"12.857833,77.527583",State,Bengaluru,Karnataka
90686,Kanakapura Road (P3) Plaza,S,P3BX3,TNUUG,AGQQU,180,00-01-1900 18:50,154,VC4,F,"12.857833,77.527583",State,Bengaluru,Karnataka
90687,Kanakapura Road (P3) Plaza,S,P3BX2,BGKOO,RQISE,180,00-01-1900 11:06,217,VC4,F,"12.857833,77.527583",State,Bengaluru,Karnataka
90688,Kanakapura Road (P3) Plaza,S,P3BX3,LIOQP,VIEJQ,180,00-01-1900 18:45,127,VC4,F,"12.857833,77.527583",State,Bengaluru,Karnataka
90689,Kanakapura Road (P3) Plaza,S,P3BX2,XCSMD,FYIYR,65,00-01-1900 13:49,65437,VC4,F,"12.857833,77.527583",State,Bengaluru,Karnataka
90690,Kanakapura Road (P3) Plaza,S,P3AX1,SBOMX,VZMMO,105,00-01-1900 06:44,128726,VC4,T,"12.857833,77.527583",State,Bengaluru,Karnataka
90691,Kanakapura Road (P3) Plaza,S,P3AX1,VDFII,OUWCI,45,00-01-1900 09:53,68286,VC20,T,"12.857833,77.527583",State,Bengaluru,Karnataka
90692,Kanakapura Road (P3) Plaza,S,P3BX3,EDAQP,LFUYR,105,00-01-1900 15:25,5228,VC4,F,"12.857833,77.527583",State,Bengaluru,Karnataka
90808,Kanakapura Road (P3) Plaza,S,P3AX2,CRKAW,TSACK,203,00-01-1900 15:25,5198,VC10,T,"12.857833,77.527583",State,Bengaluru,Karnataka
90809,Kanakapura Road (P3) Plaza,S,P3BX2,LVXDZ,GCJDO,105,00-01-1900 08:30,246,VC4,F,"12.857833,77.527583",State,Bengaluru,Karnataka
90810,Kanakapura Road (P3) Plaza,S,P3BX2,BQYIT,ELKGY,660,00-01-1900 07:34,137407,VC12,T,"12.857833,77.527583",State,Bengaluru,Karnataka
90811,Kanakapura Road (P3) Plaza,S,P3AX2,OMOOJ,VOOCI,110,00-01-1900 14:25,9861,VC5,T,"12.857833,77.527583",State,Bengaluru,Karnataka
90812,Kanakapura Road (P3) Plaza,S,P3AX2,USRJB,SEWVC,105,00-01-1900 08:58,250,VC20,T,"12.857833,77.527583",State,Bengaluru,Karnataka
90813,Kanakapura Road (P3) Plaza,S,P3BX1,DCRXY,WUFKN,35,00-01-1900 09:08,172818,VC4,F,"12.857833,77.527583",State,Bengaluru,Karnataka
90814,Kanakapura Road (P3) Plaza,S,P3BX3,FDNSK,WMBUZ,65,00-01-1900 15:07,6194,VC4,F,"12.857833,77.527583",State,Bengaluru,Karnataka
90815,Kanakapura Road (P3) Plaza,S,P3BX3,XSEXN,MUGJL,480,00-01-1900 15:47,3751,VC7,T,"12.857833,77.527583",State,Bengaluru,Karnataka
90816,Kanakapura Road (P3) Plaza,S,P3AX2,QHGGV,RIFAN,105,00-01-1900 18:05,166,VC4,F,"12.857833,77.527583",State,Bengaluru,Karnataka
90817,Kanakapura Road (P3) Plaza,S,P3AX2,JIVBU,KRGGX,45,00-01-1900 06:13,164361,VC4,F,"12.857833,77.527583",State,Bengaluru,Karnataka
90818,Kanakapura Road (P3) Plaza,S,P3BX2,MAZSN,EXMQA,105,00-01-1900 17:17,122,VC4,F,"12.857833,77.527583",State,Bengaluru,Karnataka
90819,Kanakapura Road (P3) Plaza,S,P3BX2,NWIBS,HMUZY,105,00-01-1900 20:50,168,VC4,F,"12.857833,77.527583",State,Bengaluru,Karnataka
90820,Kanakapura Road (P3) Plaza,S,P3AX2,PDEDS,MLKCO,45,00-01-1900 18:51,204,VC4,F,"12.857833,77.527583",State,Bengaluru,Karnataka
90821,Kanakapura Road (P3) Plaza,S,P3BX3,GIGEY,HNSHH,65,00-01-1900 19:05,186,VC4,F,"12.857833,77.527583",State,Bengaluru,Karnataka
90822,Kanakapura Road (P3) Plaza,S,P3BX3,QHUXX,QCZRJ,180,00-01-1900 16:01,2643,VC4,F,"12.857833,77.527583",State,Bengaluru,Karnataka
90823,Kanakapura Road (P3) Plaza,S,P3AX1,XRLTI,BFAED,440,00-01-1900 06:01,145261,VC12,T,"12.857833,77.527583",State,Bengaluru,Karnataka
90824,Kanakapura Road (P3) Plaza,S,P3AX2,FXRHZ,QIRLQ,105,00-01-1900 19:23,131,VC4,T,"12.857833,77.527583",State,Bengaluru,Karnataka
90825,Kanakapura Road (P3) Plaza,S,P3AX2,FICRV,IBPJS,105,00-01-1900 16:43,115,VC4,F,"12.857833,77.527583",State,Bengaluru,Karnataka
90826,Kanakapura Road (P3) Plaza,S,P3AX1,SKXFM,CURXH,45,00-01-1900 15:49,3492,VC4,F,"12.857833,77.527583",State,Bengaluru,Karnataka
90827,Kanakapura Road (P3) Plaza,S,P3AX2,AYXOY,ISXZM,305,00-01-1900 06:28,167515,VC7,T,"12.857833,77.527583",State,Bengaluru,Karnataka
90828,Kanakapura Road (P3) Plaza,S,P3AX2,EWVHW,ITUCV,105,00-01-1900 17:29,105504,VC4,F,"12.857833,77.527583",State,Bengaluru,Karnataka
90829,Kanakapura Road (P3) Plaza,S,P3AX2,PATVX,QBAMZ,105,00-01-1900 14:24,10785,VC4,F,"12.857833,77.527583",State,Bengaluru,Karnataka
90830,Kanakapura Road (P3) Plaza,S,P3BX2,ZIKII,BXOZN,65,00-01-1900 09:26,112,VC4,F,"12.857833,77.527583",State,Bengaluru,Karnataka
90831,Kanakapura Road (P3) Plaza,S,P3BX2,CCJZR,SMPUD,195,00-01-1900 06:19,215,VC5,F,"12.857833,77.527583",State,Bengaluru,Karnataka
90832,Kanakapura Road (P3) Plaza,S,P3BX3,XTDYU,CJIMJ,65,00-01-1900 15:04,6260,VC4,F,"12.857833,77.527583",State,Bengaluru,Karnataka
90833,Kanakapura Road (P3) Plaza,S,P3AX2,LYOFU,QMRIV,105,00-01-1900 10:02,219,VC4,T,"12.857833,77.527583",State,Bengaluru,Karnataka
90834,Kanakapura Road (P3) Plaza,S,P3AX1,JPDGD,SDCZJ,45,00-01-1900 17:25,163,VC4,F,"12.857833,77.527583",State,Bengaluru,Karnataka
90835,Kanakapura Road (P3) Plaza,S,P3AX2,IJRVZ,AAREU,95,00-01-1900 14:13,11073,VC11,T,"12.857833,77.527583",State,Bengaluru,Karnataka
90836,Kanakapura Road (P3) Plaza,S,P3BX3,KQQXP,ENZET,65,00-01-1900 15:47,3834,VC4,F,"12.857833,77.527583",State,Bengaluru,Karnataka
90837,Kanakapura Road (P3) Plaza,S,P3AX2,JYRWK,PEOKA,45,00-01-1900 15:53,3263,VC4,F,"12.857833,77.527583",State,Bengaluru,Karnataka
90838,Kanakapura Road (P3) Plaza,S,P3BX1,VIMNG,PFUID,65,00-01-1900 13:38,39265,VC4,F,"12.857833,77.527583",State,Bengaluru,Karnataka
90839,Kanakapura Road (P3) Plaza,S,P3AX1,PQOBL,FNWCM,110,00-01-1900 09:55,68020,VC5,T,"12.857833,77.527583",State,Bengaluru,Karnataka
90840,Kanakapura Road (P3) Plaza,S,P3BX2,FJZVG,YWQMD,180,00-01-1900 18:29,153,VC20,T,"12.857833,77.527583",State,Bengaluru,Karnataka
90841,Kanakapura Road (P3) Plaza,S,P3AX2,IGHNM,XNRTK,45,00-01-1900 06:28,192,VC4,F,"12.857833,77.527583",State,Bengaluru,Karnataka
90842,Kanakapura Road (P3) Plaza,S,P3BX3,OMWRP,SMLQK,105,00-01-1900 14:26,59125,VC4,T,"12.857833,77.527583",State,Bengaluru,Karnataka
90843,Kanakapura Road (P3) Plaza,S,P3BX3,PDLMV,PNCIO,65,00-01-1900 17:41,104707,VC4,F,"12.857833,77.527583",State,Bengaluru,Karnataka
90844,Kanakapura Road (P3) Plaza,S,P3AX2,OTBBA,SHEXW,105,00-01-1900 19:31,214,VC4,F,"12.857833,77.527583",State,Bengaluru,Karnataka
90845,Kanakapura Road (P3) Plaza,S,P3BX1,HFIGD,AOSRZ,660,00-01-1900 13:52,78346,VC12,T,"12.857833,77.527583",State,Bengaluru,Karnataka
90846,Kanakapura Road (P3) Plaza,S,P3BX3,TGOZG,RGEGH,105,00-01-1900 17:57,229,VC20,T,"12.857833,77.527583",State,Bengaluru,Karnataka
90847,Kanakapura Road (P3) Plaza,S,P3AX2,BKPJM,RQNXP,105,00-01-1900 23:07,716,VC4,F,"12.857833,77.527583",State,Bengaluru,Karnataka
90848,Kanakapura Road (P3) Plaza,S,P3BX3,UOSNE,BBNNT,65,00-01-1900 06:51,168131,VC4,F,"12.857833,77.527583",State,Bengaluru,Karnataka
90849,Kanakapura Road (P3) Plaza,S,P3BX2,PFZFK,VHZOL,223,00-01-1900 14:19,11397,VC10,T,"12.857833,77.527583",State,Bengaluru,Karnataka
90850,Kanakapura Road (P3) Plaza,S,P3BX2,EHNNS,WHDSX,105,00-01-1900 04:58,156,VC4,F,"12.857833,77.527583",State,Bengaluru,Karnataka
90851,Kanakapura Road (P3) Plaza,S,P3AX2,ZBKKP,VVOAF,45,00-01-1900 09:58,136,VC4,F,"12.857833,77.527583",State,Bengaluru,Karnataka
90852,Kanakapura Road (P3) Plaza,S,P3BX1,UXYXG,AQGCQ,70,00-01-1900 13:33,119070,VC5,T,"12.857833,77.527583",State,Bengaluru,Karnataka
90853,Kanakapura Road (P3) Plaza,S,P3AX1,YTGFW,ZLHGX,45,00-01-1900 14:03,66259,VC20,T,"12.857833,77.527583",State,Bengaluru,Karnataka
90854,Kanakapura Road (P3) Plaza,S,P3BX3,KIDZS,OKZIS,65,00-01-1900 17:41,114064,VC4,F,"12.857833,77.527583",State,Bengaluru,Karnataka
90855,Kanakapura Road (P3) Plaza,S,P3BX2,MZZFC,BQJGF,105,00-01-1900 08:14,189,VC20,T,"12.857833,77.527583",State,Bengaluru,Karnataka
90856,Kanakapura Road (P3) Plaza,S,P3AX2,XPWPA,BWYIO,105,00-01-1900 15:32,4997,VC4,F,"12.857833,77.527583",State,Bengaluru,Karnataka
90857,Kanakapura Road (P3) Plaza,S,P3AX2,MOKHI,ISBYW,203,00-01-1900 21:01,129,VC10,T,"12.857833,77.527583",State,Bengaluru,Karnataka
90858,Kanakapura Road (P3) Plaza,S,P3AX2,GFERX,KZJBK,105,00-01-1900 18:29,185,VC4,F,"12.857833,77.527583",State,Bengaluru,Karnataka
90859,Kanakapura Road (P3) Plaza,S,P3AX2,JNJDY,TVIXZ,105,00-01-1900 06:15,238,VC4,F,"12.857833,77.527583",State,Bengaluru,Karnataka
90860,Kanakapura Road (P3) Plaza,S,P3AX2,OCXWJ,WDBER,45,00-01-1900 07:08,143,VC5,T,"12.857833,77.527583",State,Bengaluru,Karnataka
90861,Kanakapura Road (P3) Plaza,S,P3AX1,HYYJS,RAQFT,45,00-01-1900 06:28,161178,VC4,F,"12.857833,77.527583",State,Bengaluru,Karnataka
90862,Kanakapura Road (P3) Plaza,S,P3BX3,KSKFX,HEVMH,180,00-01-1900 16:05,2175,VC4,F,"12.857833,77.527583",State,Bengaluru,Karnataka
90863,Kanakapura Road (P3) Plaza,S,P3BX3,KJPQO,HQKDO,330,00-01-1900 14:24,10874,VC11,T,"12.857833,77.527583",State,Bengaluru,Karnataka
90864,Kanakapura Road (P3) Plaza,S,P3BX3,YXLSC,ONHQH,195,00-01-1900 17:17,74285,VC5,F,"12.857833,77.527583",State,Bengaluru,Karnataka
90865,Kanakapura Road (P3) Plaza,S,P3BX3,FSXIF,FOFYV,65,00-01-1900 07:36,174071,VC4,F,"12.857833,77.527583",State,Bengaluru,Karnataka
90866,Kanakapura Road (P3) Plaza,S,P3BX2,OWSOR,YTFWJ,65,00-01-1900 17:43,100531,VC4,F,"12.857833,77.527583",State,Bengaluru,Karnataka
90867,Kanakapura Road (P3) Plaza,S,P3BX3,BJOTM,RWVNZ,480,00-01-1900 11:11,459,VC7,T,"12.857833,77.527583",State,Bengaluru,Karnataka
90868,Kanakapura Road (P3) Plaza,S,P3AX2,JDWGK,BDGXF,105,00-01-1900 15:53,3088,VC4,F,"12.857833,77.527583",State,Bengaluru,Karnataka
90869,Kanakapura Road (P3) Plaza,S,P3BX2,HRIHG,ZHTMR,105,00-01-1900 10:12,205,VC4,F,"12.857833,77.527583",State,Bengaluru,Karnataka
90870,Kanakapura Road (P3) Plaza,S,P3AX2,SAAHR,AUGXT,105,00-01-1900 21:28,174,VC4,F,"12.857833,77.527583",State,Bengaluru,Karnataka
90871,Kanakapura Road (P3) Plaza,S,P3BX2,XLTMN,ZZDOV,65,00-01-1900 14:26,9605,VC4,F,"12.857833,77.527583",State,Bengaluru,Karnataka
90872,Kanakapura Road (P3) Plaza,S,P3AX2,SSLBA,EKJUM,105,00-01-1900 07:32,160742,VC4,F,"12.857833,77.527583",State,Bengaluru,Karnataka
90873,Kanakapura Road (P3) Plaza,S,P3AX2,EDOHC,YFQAT,105,00-01-1900 19:27,152,VC4,F,"12.857833,77.527583",State,Bengaluru,Karnataka
90874,Kanakapura Road (P3) Plaza,S,P3AX2,RPEMV,ROZJW,440,00-01-1900 01:25,174,VC12,T,"12.857833,77.527583",State,Bengaluru,Karnataka
90875,Kanakapura Road (P3) Plaza,S,P3AX1,ZZTGS,WFXIT,105,00-01-1900 19:03,141,VC4,F,"12.857833,77.527583",State,Bengaluru,Karnataka
90876,Kanakapura Road (P3) Plaza,S,P3BX2,YUAAS,EMOEL,105,00-01-1900 08:34,197,VC4,F,"12.857833,77.527583",State,Bengaluru,Karnataka
90877,Kanakapura Road (P3) Plaza,S,P3AX2,RNSIW,SQXWK,45,00-01-1900 08:36,212,VC4,F,"12.857833,77.527583",State,Bengaluru,Karnataka
90878,Kanakapura Road (P3) Plaza,S,P3BX2,LVGDN,RSOOG,105,00-01-1900 21:32,132,VC20,T,"12.857833,77.527583",State,Bengaluru,Karnataka
90879,Kanakapura Road (P3) Plaza,S,P3AX2,FNLXM,VBOQP,105,00-01-1900 17:01,111544,VC4,F,"12.857833,77.527583",State,Bengaluru,Karnataka
90880,Kanakapura Road (P3) Plaza,S,P3AX2,VNRQU,NSGMN,105,00-01-1900 09:40,192,VC4,F,"12.857833,77.527583",State,Bengaluru,Karnataka
90881,Kanakapura Road (P3) Plaza,S,P3AX2,RPDOA,RANRA,45,00-01-1900 14:24,10448,VC5,T,"12.857833,77.527583",State,Bengaluru,Karnataka
90882,Kanakapura Road (P3) Plaza,S,P3AX2,FYLXH,MBIJU,105,00-01-1900 17:41,134,VC4,F,"12.857833,77.527583",State,Bengaluru,Karnataka
90883,Kanakapura Road (P3) Plaza,S,P3BX3,JEMIZ,GAOKQ,65,00-01-1900 14:22,11125,VC4,F,"12.857833,77.527583",State,Bengaluru,Karnataka
90884,Kanakapura Road (P3) Plaza,S,P3BX2,BGWMN,STCIF,105,00-01-1900 17:29,124,VC4,F,"12.857833,77.527583",State,Bengaluru,Karnataka
90885,Kanakapura Road (P3) Plaza,S,P3AX2,VWZAX,YAKOW,45,00-01-1900 07:47,120,VC4,F,"12.857833,77.527583",State,Bengaluru,Karnataka
90886,Kanakapura Road (P3) Plaza,S,P3AX2,YEBDJ,XHFZS,105,00-01-1900 14:19,11027,VC4,F,"12.857833,77.527583",State,Bengaluru,Karnataka
90887,Kanakapura Road (P3) Plaza,S,P3BX2,OPNGV,TICJY,105,00-01-1900 20:55,90,VC4,F,"12.857833,77.527583",State,Bengaluru,Karnataka
90888,Kanakapura Road (P3) Plaza,S,P3AX2,PFSPQ,QZQAR,45,00-01-1900 17:31,103907,VC4,F,"12.857833,77.527583",State,Bengaluru,Karnataka
90889,Kanakapura Road (P3) Plaza,S,P3BX2,VKFYZ,CPEGP,105,00-01-1900 17:05,208,VC4,T,"12.857833,77.527583",State,Bengaluru,Karnataka
90890,Kanakapura Road (P3) Plaza,S,P3BX3,PXURB,DIACW,65,00-01-1900 07:26,149985,VC4,F,"12.857833,77.527583",State,Bengaluru,Karnataka
90891,Kanakapura Road (P3) Plaza,S,P3AX1,NKKEX,HMDGW,45,00-01-1900 09:33,70866,VC4,F,"12.857833,77.527583",State,Bengaluru,Karnataka
90892,Kanakapura Road (P3) Plaza,S,P3BX2,JOWPQ,SHGXC,35,00-01-1900 22:22,173,VC4,F,"12.857833,77.527583",State,Bengaluru,Karnataka
90893,Kanakapura Road (P3) Plaza,S,P3AX2,LDQTZ,VSVXV,220,00-01-1900 06:30,162888,VC11,T,"12.857833,77.527583",State,Bengaluru,Karnataka
90894,Kanakapura Road (P3) Plaza,S,P3AX2,HZROL,YPPSX,88,00-01-1900 11:02,282,VC10,T,"12.857833,77.527583",State,Bengaluru,Karnataka
90895,Kanakapura Road (P3) Plaza,S,P3BX3,SJRMA,KRLNB,65,00-01-1900 00:18,256,VC4,F,"12.857833,77.527583",State,Bengaluru,Karnataka
90896,Kanakapura Road (P3) Plaza,S,P3AX1,VTLSA,AEOJH,120,00-01-1900 06:37,165655,VC10,T,"12.857833,77.527583",State,Bengaluru,Karnataka
90897,Kanakapura Road (P3) Plaza,S,P3AX1,DEJND,ZITUF,105,00-01-1900 17:41,163,VC4,F,"12.857833,77.527583",State,Bengaluru,Karnataka
90898,Kanakapura Road (P3) Plaza,S,P3AX2,LRGHV,QSOQT,45,00-01-1900 15:52,3593,VC20,T,"12.857833,77.527583",State,Bengaluru,Karnataka
90899,Kanakapura Road (P3) Plaza,S,P3BX3,PLNRX,PPOKG,145,00-01-1900 07:21,160174,VC5,T,"12.857833,77.527583",State,Bengaluru,Karnataka
90900,Kanakapura Road (P3) Plaza,S,P3AX2,TQLID,TVAKD,45,00-01-1900 08:53,108,VC4,F,"12.857833,77.527583",State,Bengaluru,Karnataka
90901,Kanakapura Road (P3) Plaza,S,P3AX2,VMZMD,WMFLK,45,00-01-1900 06:41,107821,VC4,F,"12.857833,77.527583",State,Bengaluru,Karnataka
90902,Kanakapura Road (P3) Plaza,S,P3BX3,PXDPD,XKTBD,65,00-01-1900 16:23,1334,VC4,F,"12.857833,77.527583",State,Bengaluru,Karnataka
90903,Kanakapura Road (P3) Plaza,S,P3AX2,YSPEL,ECQYF,105,00-01-1900 17:33,150,VC4,F,"12.857833,77.527583",State,Bengaluru,Karnataka
90904,Kanakapura Road (P3) Plaza,S,P3AX2,ZGUYV,LICZQ,105,00-01-1900 21:20,179,VC4,F,"12.857833,77.527583",State,Bengaluru,Karnataka
90905,Kanakapura Road (P3) Plaza,S,P3BX3,XNRBU,ZXCET,105,00-01-1900 00:22,127,VC4,F,"12.857833,77.527583",State,Bengaluru,Karnataka
90906,Kanakapura Road (P3) Plaza,S,P3BX2,JCBTZ,TLGGZ,105,00-01-1900 18:13,208,VC4,F,"12.857833,77.527583",State,Bengaluru,Karnataka
90907,Kanakapura Road (P3) Plaza,S,P3BX2,ZWVWC,CGBMQ,65,00-01-1900 19:27,165,VC4,F,"12.857833,77.527583",State,Bengaluru,Karnataka
90908,Kanakapura Road (P3) Plaza,S,P3BX2,EECTD,HZNRG,65,00-01-1900 21:28,105,VC4,F,"12.857833,77.527583",State,Bengaluru,Karnataka
90909,Kanakapura Road (P3) Plaza,S,P3AX2,XXHYE,ACYNS,105,00-01-1900 16:01,2693,VC4,F,"12.857833,77.527583",State,Bengaluru,Karnataka
90910,Kanakapura Road (P3) Plaza,S,P3AX2,SJGKO,SJYON,105,00-01-1900 14:48,7627,VC4,F,"12.857833,77.527583",State,Bengaluru,Karnataka
90911,Kanakapura Road (P3) Plaza,S,P3AX1,MQZNU,YSQVA,105,00-01-1900 17:45,145,VC4,F,"12.857833,77.527583",State,Bengaluru,Karnataka
90912,Kanakapura Road (P3) Plaza,S,P3AX2,TOHQI,FVAVH,45,00-01-1900 08:47,140,VC4,F,"12.857833,77.527583",State,Bengaluru,Karnataka
90913,Kanakapura Road (P3) Plaza,S,P3BX2,QDUCS,WRAXT,105,00-01-1900 16:41,321,VC20,F,"12.857833,77.527583",State,Bengaluru,Karnataka
90914,Kanakapura Road (P3) Plaza,S,P3AX1,HITTB,OBOMW,45,00-01-1900 09:49,102827,VC4,T,"12.857833,77.527583",State,Bengaluru,Karnataka
90915,Kanakapura Road (P3) Plaza,S,P3BX2,ZKJIJ,DMWBA,105,00-01-1900 15:07,6120,VC4,F,"12.857833,77.527583",State,Bengaluru,Karnataka
90916,Kanakapura Road (P3) Plaza,S,P3BX2,NJAFL,JRVTF,180,00-01-1900 21:52,229,VC4,F,"12.857833,77.527583",State,Bengaluru,Karnataka
90917,Kanakapura Road (P3) Plaza,S,P3BX3,OYCYD,YUFTK,65,00-01-1900 16:19,1618,VC4,F,"12.857833,77.527583",State,Bengaluru,Karnataka
90918,Kanakapura Road (P3) Plaza,S,P3BX3,VGRSL,AUETQ,105,00-01-1900 17:41,107189,VC4,F,"12.857833,77.527583",State,Bengaluru,Karnataka
90919,Kanakapura Road (P3) Plaza,S,P3BX2,XRLGM,DMWNH,105,00-01-1900 14:55,6849,VC20,T,"12.857833,77.527583",State,Bengaluru,Karnataka
90920,Kanakapura Road (P3) Plaza,S,P3AX2,HXWZE,FTMTR,45,00-01-1900 08:40,216,VC4,F,"12.857833,77.527583",State,Bengaluru,Karnataka
90921,Kanakapura Road (P3) Plaza,S,P3AX2,BURWN,FRURS,110,00-01-1900 17:05,196,VC5,T,"12.857833,77.527583",State,Bengaluru,Karnataka
90922,Kanakapura Road (P3) Plaza,S,P3AX1,RDHHQ,OPPIY,285,00-01-1900 06:22,143689,VC12,T,"12.857833,77.527583",State,Bengaluru,Karnataka
90923,Kanakapura Road (P3) Plaza,S,P3BX3,WFREQ,YADPZ,65,00-01-1900 10:39,216,VC4,F,"12.857833,77.527583",State,Bengaluru,Karnataka
90924,Kanakapura Road (P3) Plaza,S,P3AX2,VULSW,BBUSW,105,00-01-1900 06:16,109002,VC4,F,"12.857833,77.527583",State,Bengaluru,Karnataka
90925,Kanakapura Road (P3) Plaza,S,P3AX1,PTFOK,ZWCQH,45,00-01-1900 07:38,139777,VC4,F,"12.857833,77.527583",State,Bengaluru,Karnataka
90926,Kanakapura Road (P3) Plaza,S,P3AX2,UNFYQ,SPLBL,105,00-01-1900 07:34,209,VC20,T,"12.857833,77.527583",State,Bengaluru,Karnataka
90927,Kanakapura Road (P3) Plaza,S,P3BX2,TMIOR,XQVQY,105,00-01-1900 21:28,216,VC4,F,"12.857833,77.527583",State,Bengaluru,Karnataka
90928,Kanakapura Road (P3) Plaza,S,P3AX2,AJPNY,MJLWR,203,00-01-1900 22:54,274,VC10,T,"12.857833,77.527583",State,Bengaluru,Karnataka
90929,Kanakapura Road (P3) Plaza,S,P3AX2,BIBVN,HRDLO,105,00-01-1900 06:07,146938,VC4,F,"12.857833,77.527583",State,Bengaluru,Karnataka
90930,Kanakapura Road (P3) Plaza,S,P3BX3,LVSUT,RVBSR,65,00-01-1900 15:22,5831,VC4,F,"12.857833,77.527583",State,Bengaluru,Karnataka
90931,Kanakapura Road (P3) Plaza,S,P3AX2,EOXIR,LDLFF,45,00-01-1900 10:18,156,VC4,F,"12.857833,77.527583",State,Bengaluru,Karnataka
90932,Kanakapura Road (P3) Plaza,S,P3BX3,YMBDY,XDTWZ,35,00-01-1900 07:24,133289,VC4,F,"12.857833,77.527583",State,Bengaluru,Karnataka
90933,Kanakapura Road (P3) Plaza,S,P3AX2,EPPGR,ITUAC,220,00-01-1900 06:36,250,VC11,T,"12.857833,77.527583",State,Bengaluru,Karnataka
90934,Kanakapura Road (P3) Plaza,S,P3BX3,IMKGD,ITXQV,105,00-01-1900 18:35,110,VC4,F,"12.857833,77.527583",State,Bengaluru,Karnataka
90935,Kanakapura Road (P3) Plaza,S,P3BX2,DZOGY,PNHTV,180,00-01-1900 17:11,149,VC4,F,"12.857833,77.527583",State,Bengaluru,Karnataka
90936,Kanakapura Road (P3) Plaza,S,P3AX2,NJFVM,ZXGUF,105,00-01-1900 21:11,45,VC4,F,"12.857833,77.527583",State,Bengaluru,Karnataka
90937,Kanakapura Road (P3) Plaza,S,P3AX1,ISMCN,YNIYO,135,00-01-1900 19:25,186,VC7,T,"12.857833,77.527583",State,Bengaluru,Karnataka
90938,Kanakapura Road (P3) Plaza,S,P3AX2,AEYRZ,AQUWM,45,00-01-1900 10:08,221,VC4,F,"12.857833,77.527583",State,Bengaluru,Karnataka
90939,Kanakapura Road (P3) Plaza,S,P3BX3,MUIRJ,WDKWO,105,00-01-1900 06:25,150378,VC5,T,"12.857833,77.527583",State,Bengaluru,Karnataka
90940,Kanakapura Road (P3) Plaza,S,P3BX3,FHYPJ,JEYAC,65,00-01-1900 07:32,163164,VC4,F,"12.857833,77.527583",State,Bengaluru,Karnataka
90941,Kanakapura Road (P3) Plaza,S,P3AX2,XXAIV,ZAXQR,105,00-01-1900 10:48,137,VC4,F,"12.857833,77.527583",State,Bengaluru,Karnataka
90942,Kanakapura Road (P3) Plaza,S,P3AX1,NBORO,ZQLBI,45,00-01-1900 16:55,168,VC4,F,"12.857833,77.527583",State,Bengaluru,Karnataka
90943,Kanakapura Road (P3) Plaza,S,P3AX2,WXYJH,BDJZT,105,00-01-1900 14:29,9702,VC4,F,"12.857833,77.527583",State,Bengaluru,Karnataka
90944,Kanakapura Road (P3) Plaza,S,P3AX2,OXYAV,QANYA,105,00-01-1900 15:05,6175,VC4,F,"12.857833,77.527583",State,Bengaluru,Karnataka
90945,Kanakapura Road (P3) Plaza,S,P3AX1,LTRCW,FPDQP,105,00-01-1900 20:09,128,VC4,F,"12.857833,77.527583",State,Bengaluru,Karnataka
90946,Kanakapura Road (P3) Plaza,S,P3AX2,DKMUY,MLGMP,105,00-01-1900 18:11,147,VC4,F,"12.857833,77.527583",State,Bengaluru,Karnataka
90947,Kanakapura Road (P3) Plaza,S,P3AX2,JRDSZ,XQBAQ,105,00-01-1900 14:34,9008,VC4,F,"12.857833,77.527583",State,Bengaluru,Karnataka
90948,Kanakapura Road (P3) Plaza,S,P3BX2,SLVOW,JHKNV,105,00-01-1900 22:44,226,VC4,F,"12.857833,77.527583",State,Bengaluru,Karnataka
90949,Kanakapura Road (P3) Plaza,S,P3AX2,ETCHK,LGWAZ,45,00-01-1900 18:09,187,VC20,T,"12.857833,77.527583",State,Bengaluru,Karnataka
90950,Kanakapura Road (P3) Plaza,S,P3BX3,DGDNO,QZKKG,105,00-01-1900 16:03,2457,VC4,F,"12.857833,77.527583",State,Bengaluru,Karnataka
90951,Kanakapura Road (P3) Plaza,S,P3BX2,CYCRT,SRCAB,105,00-01-1900 02:30,98885,VC4,F,"12.857833,77.527583",State,Bengaluru,Karnataka
90952,Kanakapura Road (P3) Plaza,S,P3AX1,QDQBM,KZXXN,45,00-01-1900 17:10,98,VC4,F,"12.857833,77.527583",State,Bengaluru,Karnataka
90953,Kanakapura Road (P3) Plaza,S,P3BX2,AELUK,CJMAX,105,00-01-1900 08:53,122,VC4,F,"12.857833,77.527583",State,Bengaluru,Karnataka
110376,Kanakapura Road (P3) Plaza,S,P3AX2,UXTJT,XOFKJ,105,00-01-1900 07:08,174,VC4,T,"12.857833,77.527583",State,Bengaluru,Karnataka
110377,Kanakapura Road (P3) Plaza,S,P3AX2,HBXEM,SYNRQ,1275,00-01-1900 16:17,72500,VC12,T,"12.857833,77.527583",State,Bengaluru,Karnataka
110378,Kanakapura Road (P3) Plaza,S,P3AX2,FUAUL,MLMUI,105,00-01-1900 22:00,123,VC4,T,"12.857833,77.527583",State,Bengaluru,Karnataka
110379,Kanakapura Road (P3) Plaza,S,P3BX3,KYSBN,HWHKB,65,00-01-1900 07:38,168851,VC4,F,"12.857833,77.527583",State,Bengaluru,Karnataka
110380,Kanakapura Road (P3) Plaza,S,P3AX1,XNOTY,JNMTS,440,00-01-1900 15:55,92052,VC12,T,"12.857833,77.527583",State,Bengaluru,Karnataka
110381,Kanakapura Road (P3) Plaza,S,P3AX2,MMBBO,VETBC,105,00-01-1900 06:25,137090,VC4,F,"12.857833,77.527583",State,Bengaluru,Karnataka
110382,Kanakapura Road (P3) Plaza,S,P3BX2,OFSRX,BHVAE,65,00-01-1900 14:32,9307,VC4,F,"12.857833,77.527583",State,Bengaluru,Karnataka
110383,Kanakapura Road (P3) Plaza,S,P3BX3,TFPLS,MGUCE,105,00-01-1900 18:07,160,VC20,T,"12.857833,77.527583",State,Bengaluru,Karnataka
110384,Kanakapura Road (P3) Plaza,S,P3BX3,ZJDBX,JMLMI,105,00-01-1900 10:30,185,VC5,T,"12.857833,77.527583",State,Bengaluru,Karnataka
110385,Kanakapura Road (P3) Plaza,S,P3BX2,CEOCN,TGGKQ,65,00-01-1900 08:47,248,VC4,F,"12.857833,77.527583",State,Bengaluru,Karnataka
110386,Kanakapura Road (P3) Plaza,S,P3AX2,JZCWV,VAYBN,105,00-01-1900 08:16,152,VC4,F,"12.857833,77.527583",State,Bengaluru,Karnataka
110387,Kanakapura Road (P3) Plaza,S,P3AX2,SMUTP,EBGSL,105,00-01-1900 09:22,94,VC4,F,"12.857833,77.527583",State,Bengaluru,Karnataka
110388,Kanakapura Road (P3) Plaza,S,P3BX2,NODJX,AIHZM,45,00-01-1900 14:32,9728,VC4,F,"12.857833,77.527583",State,Bengaluru,Karnataka
110389,Kanakapura Road (P3) Plaza,S,P3BX2,SYCYU,IXWOU,480,00-01-1900 09:02,47,VC7,T,"12.857833,77.527583",State,Bengaluru,Karnataka
110390,Kanakapura Road (P3) Plaza,S,P3AX2,SDFEP,KINOI,105,00-01-1900 17:43,103567,VC20,T,"12.857833,77.527583",State,Bengaluru,Karnataka
110391,Kanakapura Road (P3) Plaza,S,P3BX2,SAGJA,YDSSF,65,00-01-1900 07:58,142177,VC4,F,"12.857833,77.527583",State,Bengaluru,Karnataka
110392,Kanakapura Road (P3) Plaza,S,P3AX1,CGIFA,OEOEE,35,00-01-1900 06:28,141074,VC20,T,"12.857833,77.527583",State,Bengaluru,Karnataka
110393,Kanakapura Road (P3) Plaza,S,P3BX3,EFYEZ,KMLMB,65,00-01-1900 07:27,214022,VC4,F,"12.857833,77.527583",State,Bengaluru,Karnataka
110394,Kanakapura Road (P3) Plaza,S,P3BX3,IJRVZ,AAREU,190,00-01-1900 16:21,1492,VC11,T,"12.857833,77.527583",State,Bengaluru,Karnataka
110395,Kanakapura Road (P3) Plaza,S,P3AX2,LEJHP,VSIDR,105,00-01-1900 17:43,207,VC4,F,"12.857833,77.527583",State,Bengaluru,Karnataka
110396,Kanakapura Road (P3) Plaza,S,P3BX2,XGMON,QBFHK,65,00-01-1900 19:13,173,VC4,F,"12.857833,77.527583",State,Bengaluru,Karnataka
110397,Kanakapura Road (P3) Plaza,S,P3BX2,QUEGP,HMJBO,176,00-01-1900 08:20,233,VC10,T,"12.857833,77.527583",State,Bengaluru,Karnataka
110398,Kanakapura Road (P3) Plaza,S,P3BX2,RYBEL,ACNNA,176,00-01-1900 15:09,6027,VC10,T,"12.857833,77.527583",State,Bengaluru,Karnataka
110399,Kanakapura Road (P3) Plaza,S,P3BX2,PZJZY,SOFRE,230,00-01-1900 07:19,149346,VC12,F,"12.857833,77.527583",State,Bengaluru,Karnataka
110400,Kanakapura Road (P3) Plaza,S,P3AX2,OEQKQ,ZUHOC,45,00-01-1900 16:21,1615,VC4,F,"12.857833,77.527583",State,Bengaluru,Karnataka
110401,Kanakapura Road (P3) Plaza,S,P3AX2,KWDEZ,MXDSI,45,00-01-1900 06:35,131906,VC20,F,"12.857833,77.527583",State,Bengaluru,Karnataka
198004,Kanakapura Road (P3) Plaza,S,P3AX2,LTGLW,MIYVS,105,00-01-1900 15:43,4260,VC4,F,"12.857833,77.527583",State,Bengaluru,Karnataka
198005,Kanakapura Road (P3) Plaza,S,P3AX2,TBAYB,RNPLJ,110,00-01-1900 14:32,9260,VC5,T,"12.857833,77.527583",State,Bengaluru,Karnataka
198006,Kanakapura Road (P3) Plaza,S,P3AX2,VMZAT,ZBFJY,105,00-01-1900 20:43,185,VC20,T,"12.857833,77.527583",State,Bengaluru,Karnataka
198007,Kanakapura Road (P3) Plaza,S,P3BX1,SMBRO,IOIXV,35,00-01-1900 20:51,130557,VC4,F,"12.857833,77.527583",State,Bengaluru,Karnataka
198008,Kanakapura Road (P3) Plaza,S,P3BX2,BJQOJ,BPIXU,480,00-01-1900 17:33,147,VC7,F,"12.857833,77.527583",State,Bengaluru,Karnataka
243574,Kanakapura Road (P3) Plaza,S,P3AX1,WKBWI,FSYAK,660,00-01-1900 23:18,98382,VC12,T,"12.857833,77.527583",State,Bengaluru,Karnataka
243575,Kanakapura Road (P3) Plaza,S,P3AX1,VUQCS,MBQKT,110,00-01-1900 17:13,53,VC9,T,"12.857833,77.527583",State,Bengaluru,Karnataka
243576,Kanakapura Road (P3) Plaza,S,P3AX2,GDXLK,ATKQF,45,00-01-1900 14:53,6976,VC4,F,"12.857833,77.527583",State,Bengaluru,Karnataka
243577,Kanakapura Road (P3) Plaza,S,P3AX1,KRLOY,WIRJW,105,00-01-1900 19:23,167,VC4,F,"12.857833,77.527583",State,Bengaluru,Karnataka
243578,Kanakapura Road (P3) Plaza,S,P3BX2,RJPJB,XTDAC,480,00-01-1900 20:21,137,VC7,T,"12.857833,77.527583",State,Bengaluru,Karnataka
